Plasmid,Copy Number
pSC101,2
pSC101,4
pSC101,2
pSC101,1
pSC101,2
pSC101,9
pSC101,3
pSC101,18
pSC101,2
pSC101,4
pSC101,5
pSC101,7
pSC101,4
pSC101,2
pSC101,2
pSC101,4
pSC101,1
pSC101,3
pSC101,5
pSC101,2
pSC101,4
pSC101,14
pSC101,2
pSC101,11
pSC101,0
pSC101,6
pSC101,2
pSC101,10
pSC101,1
pSC101,16
pSC101,2
pSC101,1
pSC101,2
pSC101,2
pSC101,5
pSC101,1
pSC101,10
pSC101,3
pSC101,8
pSC101,2
pSC101,1
pSC101,3
pSC101,4
pSC101,4
pSC101,2
pSC101,1
pSC101,5
pSC101,6
pSC101,2
pSC101,4
pSC101,3
pSC101,1
pSC101,1
pSC101,2
pSC101,3
pSC101,1
pSC101,2
pSC101,5
pSC101,1
pSC101,0
pSC101,3
pSC101,1
pSC101,1
pSC101,3
pSC101,5
pSC101,3
pSC101,11
pSC101,7
pSC101,1
pSC101,1
pSC101,2
pSC101,1
pSC101,1
pSC101,3
pSC101,5
pSC101,2
pSC101,2
pSC101,8
pSC101,7
pSC101,2
pSC101,1
pSC101,2
pSC101,2
pSC101,9
pSC101,18
pSC101,0
pSC101,1
pSC101,2
pSC101,7
pSC101,2
pSC101,2
pSC101,5
pSC101,1
pSC101,1
pSC101,3
pSC101,7
pSC101,0
pSC101,5
pSC101,1
pSC101,1
pSC101,1
pSC101,3
pSC101,5
pSC101,5
pSC101,19
pSC101,5
pSC101,1
pSC101,13
pSC101,6
pSC101,2
pSC101,4
pSC101,4
pSC101,5
pSC101,1
pSC101,2
pSC101,0
pSC101,3
pSC101,2
pSC101,0
pSC101,35
pSC101,1
pSC101,6
pSC101,3
pSC101,3
pSC101,2
pSC101,0
pSC101,3
pSC101,4
pSC101,10
pSC101,1
pSC101,4
pSC101,1
pSC101,0
pSC101,2
pSC101,2
pSC101,3
pSC101,4
pSC101,4
pSC101,2
pSC101,2
pSC101,1
pSC101,2
pSC101,3
pSC101,1
pSC101,2
pSC101,3
pSC101,3
pSC101,1
pSC101,7
pSC101,1
pSC101,3
pSC101,2
pSC101,6
pSC101,1
pSC101,5
pSC101,1
pSC101,4
pSC101,4
pSC101,6
pSC101,2
pSC101,4
pSC101,6
pSC101,2
pSC101,1
pSC101,0
pSC101,7
pSC101,1
pSC101,2
pSC101,6
pSC101,2
pSC101,1
pSC101,3
pSC101,3
pSC101,3
pSC101,2
pSC101,4
pSC101,0
pSC101,1
pSC101,3
pSC101,4
pSC101,2
pSC101,3
pSC101,1
pSC101,2
pSC101,6
pSC101,4
pSC101,1
pSC101,2
pSC101,1
pSC101,1
pSC101,1
pSC101,1
pSC101,2
pSC101,1
pSC101,4
pSC101,2
pSC101,1
pSC101,1
pSC101,1
pSC101,2
pSC101,5
pSC101,1
pSC101,9
pSC101,1
pSC101,2
pSC101,2
pSC101,2
pSC101,2
pSC101,0
pSC101,1
pSC101,9
pSC101,6
pSC101,5
pSC101,7
pSC101,1
pSC101,1
pSC101,6
pSC101,3
pSC101,2
pSC101,3
pSC101,1
pSC101,1
pSC101,4
pSC101,2
pSC101,2
pSC101,2
pSC101,3
pSC101,6
pSC101,4
pSC101,1
pSC101,2
pSC101,1
pSC101,0
pSC101,0
pSC101,3
pSC101,3
pSC101,15
pSC101,1
pSC101,1
pSC101,3
pSC101,0
pSC101,4
pSC101,4
pSC101,2
pSC101,2
pSC101,4
pSC101,2
pSC101,4
pSC101,3
pSC101,3
pSC101,2
pSC101,4
pSC101,4
pSC101,6
pSC101,2
pSC101,1
pSC101,3
pSC101,1
pSC101,3
pSC101,1
pSC101,0
pSC101,1
pSC101,2
pSC101,1
pSC101,3
pSC101,2
pSC101,1
pSC101,5
pSC101,17
pSC101,0
pSC101,3
pSC101,2
pSC101,4
pSC101,3
pSC101,5
pSC101,6
pSC101,1
pSC101,1
pSC101,0
pSC101,0
pSC101,1
pSC101,28
pSC101,0
pSC101,17
pSC101,3
pSC101,1
pSC101,3
pSC101,1
pSC101,16
pSC101,2
pSC101,3
pSC101,0
pSC101,1
pSC101,3
pSC101,3
pSC101,6
pSC101,3
pSC101,1
pSC101,0
pSC101,2
pSC101,3
pSC101,0
pSC101,2
pSC101,3
pSC101,7
pSC101,2
pSC101,1
pSC101,2
pSC101,2
pSC101,1
pSC101,1
pSC101,0
pSC101,0
pSC101,3
pSC101,1
pSC101,3
pSC101,4
pSC101,1
pSC101,6
pSC101,2
pSC101,3
pSC101,1
pSC101,4
pSC101,3
pSC101,6
pSC101,4
pSC101,1
pSC101,1
pSC101,1
pSC101,1
pSC101,4
pSC101,3
pSC101,0
pSC101,8
pSC101,3
pSC101,3
pSC101,1
pSC101,1
pSC101,25
pSC101,2
pSC101,2
pSC101,2
pSC101,1
pSC101,1
pSC101,3
pSC101,1
pSC101,1
pSC101,2
pSC101,20
pSC101,2
pSC101,1
pSC101,12
pSC101,3
pSC101,4
pSC101,1
pSC101,1
pSC101,1
pSC101,5
pSC101,1
pSC101,4
pSC101,1
pSC101,2
pSC101,4
pSC101,3
pSC101,3
pSC101,5
pSC101,1
pSC101,2
pSC101,0
pSC101,2
pSC101,6
pSC101,3
pSC101,1
pSC101,6
pSC101,2
pSC101,6
pSC101,0
pSC101,5
pSC101,2
pSC101,2
pSC101,1
pSC101,3
pSC101,1
pSC101,1
pSC101,0
pSC101,3
pSC101,1
pSC101,3
pSC101,4
pSC101,1
pSC101,2
pSC101,5
pSC101,4
pSC101,2
pSC101,1
pSC101,5
pSC101,1
pSC101,2
pSC101,2
pSC101,0
pSC101,3
pSC101,4
pSC101,2
pSC101,2
pSC101,1
pSC101,0
pSC101,2
pSC101,0
pSC101,1
pSC101,0
pSC101,1
pSC101,1
pSC101,0
pSC101,3
pSC101,3
pSC101,0
pSC101,2
pSC101,2
pSC101,1
pSC101,1
pSC101,2
pSC101,1
pSC101,2
pSC101,5
pSC101,1
pSC101,1
pSC101,1
pSC101,0
pSC101,2
pSC101,1
pSC101,14
pSC101,3
pSC101,1
pSC101,5
pSC101,0
pSC101,1
pSC101,0
pSC101,1
pSC101,2
pSC101,1
pSC101,5
pSC101,2
pSC101,5
pSC101,6
pSC101,2
pSC101,5
pSC101,6
pSC101,4
pSC101,0
pSC101,1
pSC101,0
pSC101,1
pSC101,5
pSC101,2
pSC101,1
pSC101,1
pSC101,2
pSC101,1
pSC101,0
pSC101,1
pSC101,1
pSC101,2
pSC101,1
pSC101,1
pSC101,2
pSC101,1
pSC101,1
pSC101,6
pSC101,2
pSC101,3
pSC101,1
pSC101,0
pSC101,2
pSC101,4
pSC101,1
pSC101,6
pSC101,3
pSC101,4
pSC101,2
pSC101,1
pSC101,1
pSC101,2
pSC101,2
pSC101,2
pSC101,0
pSC101,2
pSC101,1
pSC101,1
pSC101,1
pSC101,0
pSC101,0
pSC101,1
pSC101,5
pSC101,4
pSC101,5
pSC101,0
pSC101,2
pSC101,2
pSC101,1
pSC101,2
pSC101,1
pSC101,2
pSC101,1
pSC101,1
pSC101,0
pSC101,1
pSC101,1
pSC101,1
pSC101,5
pSC101,3
pSC101,1
pSC101,2
pSC101,2
pSC101,1
pSC101,1
pSC101,0
pSC101,3
pSC101,1
pSC101,2
pSC101,3
pSC101,2
pSC101,4
pSC101,3
pSC101,2
pSC101,9
pSC101,2
pSC101,4
pSC101,1
pSC101,1
pSC101,6
pSC101,4
pSC101,1
pSC101,2
pSC101,2
pSC101,2
pSC101,1
pSC101,0
pSC101,1
pSC101,1
pSC101,1
pSC101,0
pSC101,5
pSC101,1
pSC101,3
pSC101,2
pSC101,1
pSC101,3
pSC101,3
pSC101,0
pSC101,4
pSC101,2
pSC101,5
pSC101,0
pSC101,1
pSC101,2
pSC101,7
pSC101,3
pSC101,6
pSC101,7
pSC101,2
pSC101,31
pSC101,4
pSC101,1
pSC101,6
pSC101,3
pSC101,1
pSC101,3
pSC101,3
pSC101,4
pSC101,12
pSC101,3
pSC101,4
pSC101,3
pSC101,6
pSC101,7
pSC101,6
pSC101,5
pSC101,4
pSC101,12
pSC101,23
pSC101,2
pSC101,5
pSC101,3
pSC101,2
pSC101,12
pSC101,9
pSC101,7
pSC101,8
pSC101,3
pSC101,7
pSC101,4
pSC101,2
pSC101,5
pSC101,4
pSC101,5
pSC101,7
pSC101,10
pSC101,3
pSC101,8
pSC101,4
pSC101,2
pSC101,16
pSC101,2
pSC101,2
pSC101,7
pSC101,4
pSC101,3
pSC101,2
pSC101,1
pSC101,6
pSC101,6
pSC101,10
pSC101,1
pSC101,6
pSC101,4
pSC101,1
pSC101,9
pSC101,4
pSC101,2
pSC101,3
pSC101,4
pSC101,1
pSC101,5
pSC101,0
pSC101,5
pSC101,2
pSC101,7
pSC101,2
pSC101,6
pSC101,1
pSC101,2
pSC101,3
pSC101,5
pSC101,3
pSC101,3
pSC101,7
pSC101,2
pSC101,3
pSC101,1
pSC101,1
pSC101,6
pSC101,8
pSC101,3
pSC101,2
pSC101,1
pSC101,1
pSC101,2
pSC101,5
pSC101,6
pSC101,3
pSC101,2
pSC101,2
pSC101,7
pSC101,2
pSC101,2
pSC101,6
pSC101,6
pSC101,5
pSC101,2
pSC101,5
pSC101,12
pSC101,12
pSC101,4
pSC101,2
pSC101,4
pSC101,7
pSC101,5
pSC101,2
pSC101,5
pSC101,3
pSC101,1
pSC101,10
pSC101,3
pSC101,2
pSC101,2
pSC101,1
pSC101,4
pSC101,2
pSC101,2
pSC101,4
pSC101,6
pSC101,6
pSC101,3
pSC101,8
pSC101,4
pSC101,4
pSC101,3
pSC101,6
pSC101,26
pSC101,17
pSC101,2
pSC101,3
pSC101,1
pSC101,3
pSC101,5
pSC101,7
pSC101,7
pSC101,1
pSC101,5
pSC101,3
pSC101,7
pSC101,3
pSC101,10
pSC101,3
pSC101,2
pSC101,6
pSC101,4
pSC101,5
pSC101,8
pSC101,3
pSC101,3
pSC101,2
pSC101,4
pSC101,2
pSC101,7
pSC101,6
pSC101,1
pSC101,4
pSC101,4
pSC101,6
pSC101,1
pSC101,2
pSC101,2
pSC101,6
pSC101,3
pSC101,5
pSC101,10
pSC101,0
pSC101,5
pSC101,5
pSC101,1
pSC101,10
pSC101,31
pSC101,7
pSC101,2
pSC101,7
pSC101,6
pSC101,5
pSC101,0
pSC101,2
pSC101,4
pSC101,14
pSC101,4
pSC101,1
pSC101,3
pSC101,5
pSC101,2
pSC101,5
pSC101,6
pSC101,4
pSC101,2
pSC101,3
pSC101,5
pSC101,1
pSC101,2
pSC101,4
pSC101,1
pSC101,2
pSC101,1
pSC101,1
pSC101,4
pSC101,7
pSC101,4
pSC101,2
pSC101,1
pSC101,3
pSC101,6
pSC101,6
pSC101,4
pSC101,2
pSC101,8
pSC101,4
pSC101,2
pSC101,2
pSC101,6
pSC101,5
pSC101,2
pSC101,1
pSC101,8
pSC101,6
pSC101,3
pSC101,1
pSC101,3
pSC101,1
pSC101,3
pSC101,2
pSC101,8
pSC101,4
pSC101,8
pSC101,6
pSC101,2
pSC101,5
pSC101,4
pSC101,1
pSC101,10
pSC101,6
pSC101,4
pSC101,6
pSC101,8
pSC101,21
pSC101,5
pSC101,4
pSC101,5
pSC101,3
pSC101,3
pSC101,5
pSC101,5
pSC101,0
pSC101,18
pSC101,1
pSC101,6
pSC101,7
pSC101,3
pSC101,3
pSC101,2
pSC101,6
pSC101,5
pSC101,5
pSC101,4
pSC101,3
pSC101,4
pSC101,2
pSC101,3
pSC101,1
pSC101,3
pSC101,1
pSC101,1
pSC101,1
pSC101,3
pSC101,0
pSC101,5
pSC101,7
pSC101,7
pSC101,1
pSC101,1
pSC101,6
pSC101,2
pSC101,5
pSC101,1
pSC101,1
pSC101,8
pSC101,10
pSC101,1
pSC101,1
pSC101,1
pSC101,0
pSC101,2
pSC101,2
pSC101,2
pSC101,1
pSC101,3
pSC101,6
pSC101,6
pSC101,2
pSC101,2
pSC101,3
pSC101,2
pSC101,6
pSC101,2
pSC101,3
pSC101,4
pSC101,2
pSC101,0
pSC101,5
pSC101,3
pSC101,3
pSC101,4
pSC101,1
pSC101,3
pSC101,6
pSC101,2
pSC101,2
pSC101,2
pSC101,2
pSC101,1
pSC101,2
pSC101,3
pSC101,4
pSC101,4
pSC101,5
pSC101,4
pSC101,4
pSC101,2
pSC101,2
pSC101,3
pSC101,5
pSC101,1
pSC101,4
pSC101,5
pSC101,17
pSC101,1
pSC101,4
pSC101,2
pSC101,4
pSC101,5
pSC101,1
pSC101,6
pSC101,4
pSC101,14
pSC101,4
pSC101,5
pSC101,2
pSC101,4
pSC101,1
pSC101,5
pSC101,3
pSC101,1
pSC101,1
pSC101,6
pSC101,2
pSC101,3
pSC101,2
pSC101,3
pSC101,6
pSC101,2
pSC101,1
pSC101,2
pSC101,2
pSC101,6
pSC101,2
pSC101,1
pSC101,2
pSC101,2
pSC101,4
pSC101,3
pSC101,3
pSC101,3
pSC101,1
pSC101,2
pSC101,8
pSC101,1
pSC101,6
pSC101,1
pSC101,2
pSC101,4
pSC101,5
pSC101,5
pSC101,25
pSC101,3
pSC101,3
pSC101,2
pSC101,1
pSC101,4
pSC101,1
pSC101,6
pSC101,7
pSC101,2
pSC101,1
pSC101,2
pSC101,1
pSC101,2
pSC101,2
pSC101,3
pSC101,4
pSC101,2
pSC101,2
pSC101,1
pSC101,2
pSC101,4
pSC101,2
pSC101,2
pSC101,4
pSC101,1
pSC101,3
pSC101,4
pSC101,4
pSC101,3
pSC101,0
pSC101,1
pSC101,1
pSC101,4
pSC101,1
pSC101,4
pSC101,1
pSC101,1
pSC101,4
pSC101,0
pSC101,15
pSC101,1
pSC101,6
pSC101,4
pSC101,2
pSC101,2
pSC101,2
pSC101,2
pSC101,2
pSC101,6
pSC101,2
pSC101,2
pSC101,3
pSC101,1
pSC101,7
pSC101,1
pSC101,10
pSC101,2
pSC101,2
pSC101,0
pSC101,3
pSC101,2
pSC101,2
pSC101,1
pSC101,12
pSC101,0
pSC101,7
pSC101,3
pSC101,2
pSC101,2
pSC101,6
pSC101,1
pSC101,1
pSC101,4
pSC101,1
pSC101,0
pSC101,1
pSC101,1
pSC101,5
pSC101,4
pSC101,1
pSC101,10
pSC101,4
pSC101,4
pSC101,2
pSC101,4
pSC101,5
pSC101,4
pSC101,2
pSC101,3
pSC101,1
pSC101,0
pSC101,2
pSC101,1
pSC101,4
pSC101,7
pSC101,5
pSC101,1
pSC101,1
pSC101,2
pSC101,4
pSC101,1
pSC101,5
pSC101,3
pSC101,0
pSC101,4
pSC101,2
pSC101,3
pSC101,5
pSC101,2
pSC101,3
pSC101,2
pSC101,4
pSC101,5
pSC101,3
pSC101,23
pSC101,3
pSC101,2
pSC101,5
pSC101,0
pSC101,2
pSC101,3
pSC101,3
pSC101,4
pSC101,1
pSC101,2
pSC101,3
pSC101,5
pSC101,3
pSC101,0
pSC101,0
pSC101,1
pSC101,2
pSC101,4
pSC101,9
pSC101,1
pSC101,4
pSC101,3
pSC101,2
pSC101,1
pSC101,2
pSC101,1
pSC101,2
pSC101,5
pSC101,6
pSC101,6
pSC101,7
pSC101,5
pSC101,1
pSC101,5
pSC101,4
pSC101,2
pSC101,6
pSC101,2
pSC101,4
pSC101,4
pSC101,5
pSC101,0
pSC101,8
pSC101,2
pSC101,0
pSC101,4
pSC101,0
pSC101,0
pSC101,1
pSC101,6
pSC101,6
pSC101,1
pSC101,5
pSC101,2
pSC101,2
pSC101,3
pSC101,3
pSC101,2
pSC101,1
pSC101,0
pSC101,1
pSC101,4
pSC101,2
pSC101,1
pSC101,1
pSC101,2
pSC101,1
pSC101,3
pSC101,1
pSC101,4
pSC101,3
pSC101,4
pSC101,1
pSC101,3
pSC101,2
pSC101,1
pSC101,2
pSC101,5
pSC101,3
pSC101,4
pSC101,2
pSC101,2
pSC101,2
pSC101,1
pSC101,2
pSC101,3
pSC101,1
pSC101,3
pSC101,3
pSC101,5
pSC101,1
pSC101,2
pSC101,1
pSC101,7
pSC101,6
pSC101,3
pSC101,3
pSC101,5
pSC101,7
pSC101,3
pSC101,1
pSC101,7
pSC101,2
pSC101,0
pSC101,2
pSC101,5
pSC101,12
pSC101,1
pSC101,12
pSC101,3
pSC101,2
pSC101,0
pSC101,5
pSC101,15
pSC101,2
pSC101,1
pSC101,5
pSC101,2
pSC101,1
pSC101,6
pSC101,4
pSC101,1
pSC101,3
pSC101,3
pSC101,2
pSC101,6
pSC101,13
pSC101,7
pSC101,2
pSC101,1
pSC101,2
pSC101,4
pSC101,4
pSC101,2
pSC101,1
pSC101,7
pSC101,0
pSC101,5
pSC101,1
pSC101,3
pSC101,1
pSC101,0
pSC101,0
pSC101,4
pSC101,1
pSC101,3
pSC101,6
pSC101,2
pSC101,12
pSC101,1
pSC101,1
pSC101,2
pSC101,0
pSC101,2
pSC101,5
pSC101,1
pSC101,1
pSC101,1
pSC101,1
pSC101,6
pSC101,1
pSC101,4
pSC101,3
pSC101,1
pSC101,4
pSC101,4
pSC101,4
pSC101,3
pSC101,2
pSC101,1
pSC101,3
pSC101,2
pSC101,0
pSC101,1
pSC101,2
pSC101,4
pSC101,3
pSC101,3
pSC101,0
pSC101,1
pSC101,2
pSC101,3
pSC101,4
pSC101,1
pSC101,0
pSC101,3
pSC101,1
pSC101,1
pSC101,2
pSC101,1
pSC101,4
pSC101,2
pSC101,1
pSC101,0
pSC101,2
pSC101,1
pSC101,1
pSC101,5
pSC101,6
pSC101,3
pSC101,2
pSC101,2
pSC101,2
pSC101,2
pSC101,2
pSC101,4
pSC101,5
pSC101,2
pSC101,4
pSC101,2
pSC101,8
pSC101,4
pSC101,1
pSC101,0
pSC101,3
pSC101,4
pSC101,2
pSC101,4
pSC101,3
pSC101,1
pSC101,4
pSC101,1
pSC101,1
pSC101,1
pSC101,3
pSC101,2
pSC101,5
pSC101,2
pSC101,4
pSC101,2
pSC101,5
pSC101,2
pSC101,4
pSC101,2
pSC101,2
pSC101,4
pSC101,3
pSC101,6
pSC101,4
pSC101,2
pSC101,3
pSC101,10
pSC101,3
pSC101,10
pSC101,1
pSC101,5
pSC101,4
pSC101,4
pSC101,4
pSC101,2
pSC101,1
pSC101,5
pSC101,5
pSC101,3
pSC101,5
pSC101,1
pSC101,3
pSC101,1
pSC101,4
pSC101,7
pSC101,3
pSC101,1
pSC101,4
pSC101,3
pSC101,4
pSC101,8
pSC101,3
pSC101,1
pSC101,10
pSC101,1
pSC101,7
pSC101,5
pSC101,3
pSC101,2
pSC101,2
pSC101,7
pSC101,6
pSC101,1
pSC101,2
pSC101,0
pSC101,4
pSC101,3
pSC101,4
pSC101,5
pSC101,10
pSC101,9
pSC101,33
pSC101,2
pSC101,6
pSC101,8
pSC101,4
pSC101,7
pSC101,3
pSC101,8
pSC101,3
pSC101,4
pSC101,6
pSC101,2
pSC101,5
pSC101,4
pSC101,3
pSC101,3
pSC101,1
pSC101,2
pSC101,5
pSC101,2
pSC101,1
pSC101,1
pSC101,1
pSC101,3
pSC101,3
pSC101,6
pSC101,4
pSC101,1
pSC101,5
pSC101,2
pSC101,3
pSC101,5
pSC101,3
pSC101,2
pSC101,6
pSC101,7
pSC101,2
pSC101,2
pSC101,5
pSC101,4
pSC101,4
pSC101,9
pSC101,37
pSC101,3
pSC101,9
pSC101,6
pSC101,8
pSC101,6
pSC101,5
pSC101,3
pSC101,7
pSC101,4
pSC101,1
pSC101,2
pSC101,3
pSC101,6
pSC101,1
pSC101,6
pSC101,6
pSC101,3
pSC101,3
pSC101,6
pSC101,9
pSC101,4
pSC101,2
pSC101,6
pSC101,2
pSC101,9
pSC101,2
pSC101,6
pSC101,4
pSC101,2
pSC101,2
pSC101,3
pSC101,4
pSC101,3
pSC101,6
pSC101,7
pSC101,1
pSC101,3
pSC101,8
pSC101,8
pSC101,3
pSC101,5
pSC101,7
pSC101,11
pSC101,2
pSC101,2
pSC101,8
pSC101,3
pSC101,2
pSC101,4
pSC101,3
pSC101,5
pSC101,6
pSC101,3
pSC101,2
pSC101,7
pSC101,2
pSC101,1
pSC101,1
pSC101,2
pSC101,3
pSC101,3
pSC101,3
pSC101,1
pSC101,8
pSC101,3
pSC101,4
pSC101,6
pSC101,1
pSC101,4
pSC101,29
pSC101,6
pSC101,1
pSC101,33
pSC101,4
pSC101,5
pSC101,7
pSC101,3
pSC101,2
pSC101,2
pSC101,4
pSC101,2
pSC101,7
pSC101,3
pSC101,8
pSC101,2
pSC101,4
pSC101,2
pSC101,4
pSC101,1
pSC101,4
pSC101,3
pSC101,5
pSC101,6
pSC101,3
pSC101,4
pSC101,2
pSC101,4
pSC101,6
pSC101,2
pSC101,5
pSC101,3
pSC101,8
pSC101,3
pSC101,3
pSC101,5
pSC101,2
pSC101,3
pSC101,15
pSC101,1
pSC101,0
pSC101,2
pSC101,5
pSC101,4
pSC101,1
pSC101,3
pSC101,5
pSC101,4
pSC101,4
pSC101,4
pSC101,4
pSC101,3
pSC101,2
pSC101,3
pSC101,8
pSC101,3
pSC101,1
pSC101,2
pSC101,5
pSC101,4
pSC101,1
pSC101,2
pSC101,3
pSC101,1
pSC101,0
pSC101,4
pSC101,12
pSC101,7
pSC101,5
pSC101,2
pSC101,0
pSC101,12
pSC101,8
pSC101,2
pSC101,3
pSC101,4
pSC101,5
pSC101,1
pSC101,4
pSC101,6
pSC101,6
pSC101,2
pSC101,5
pSC101,2
pSC101,2
pSC101,4
pSC101,5
pSC101,0
pSC101,4
pSC101,3
pSC101,4
pSC101,2
pSC101,6
pSC101,5
pSC101,0
pSC101,9
pSC101,2
pSC101,2
pSC101,6
pSC101,2
pSC101,3
pSC101,2
pSC101,1
pSC101,2
pSC101,5
pSC101,2
pSC101,4
pSC101,7
pSC101,2
pSC101,3
pSC101,2
pSC101,3
pSC101,2
pSC101,1
pSC101,1
pSC101,1
pSC101,2
pSC101,7
pSC101,35
pSC101,3
pSC101,6
pSC101,0
pSC101,8
pSC101,2
pSC101,8
pSC101,2
pSC101,3
pSC101,3
pSC101,2
pSC101,2
pSC101,4
pSC101,3
pSC101,6
pSC101,1
pSC101,1
pSC101,3
pSC101,2
pSC101,10
pSC101,4
pSC101,11
pSC101,5
pSC101,0
pSC101,4
pSC101,2
pSC101,6
pSC101,13
pSC101,11
pSC101,9
pSC101,2
pSC101,3
pSC101,1
pSC101,2
pSC101,9
pSC101,2
pSC101,2
pSC101,2
pSC101,8
pSC101,2
pSC101,8
pSC101,6
pSC101,0
pSC101,13
pSC101,2
pSC101,2
pSC101,2
pSC101,3
pSC101,3
pSC101,1
pSC101,1
pSC101,1
pSC101,2
pSC101,2
pSC101,4
pSC101,5
pSC101,5
pSC101,2
pSC101,5
pSC101,2
pSC101,2
pSC101,4
pSC101,2
pSC101,1
pSC101,3
pSC101,2
pSC101,4
pSC101,0
pSC101,3
pSC101,5
pSC101,4
pSC101,2
pSC101,3
pSC101,5
pSC101,7
pSC101,0
pSC101,0
pSC101,4
pSC101,3
pSC101,3
pSC101,1
pSC101,2
pSC101,5
pSC101,2
pSC101,3
pSC101,4
pSC101,2
pSC101,4
pSC101,3
pSC101,1
pSC101,4
pSC101,2
pSC101,4
pSC101,3
pSC101,6
pSC101,3
pSC101,2
pSC101,1
pSC101,3
pSC101,18
pSC101,3
pSC101,1
pSC101,1
pSC101,4
pSC101,6
pSC101,1
pSC101,2
pSC101,3
pSC101,1
pSC101,11
pSC101,14
pSC101,1
pSC101,1
pSC101,4
pSC101,3
pSC101,1
pSC101,2
pSC101,4
pSC101,1
pSC101,2
pSC101,21
pSC101,2
pSC101,6
pSC101,1
pSC101,1
pSC101,2
pSC101,2
pSC101,2
pSC101,8
pSC101,4
pSC101,6
pSC101,5
pSC101,1
pSC101,4
pSC101,5
pSC101,2
pSC101,4
pSC101,2
pSC101,2
pSC101,0
pSC101,4
pSC101,5
pSC101,5
pSC101,6
pSC101,2
pSC101,3
pSC101,2
pSC101,3
pSC101,3
pSC101,1
pSC101,1
pSC101,1
pSC101,2
pSC101,2
pSC101,2
pSC101,4
pSC101,2
pSC101,5
pSC101,3
pSC101,4
pSC101,3
pSC101,3
pSC101,3
pSC101,1
pSC101,3
pSC101,1
pSC101,5
pSC101,1
pSC101,2
pSC101,1
pSC101,2
pSC101,4
pSC101,3
pSC101,5
pSC101,1
pSC101,5
pSC101,2
pSC101,6
pSC101,3
pSC101,6
pSC101,4
pSC101,6
pSC101,1
pSC101,2
pSC101,2
pSC101,3
pSC101,5
pSC101,2
pSC101,2
pSC101,2
pSC101,1
pSC101,7
pSC101,2
pSC101,2
pSC101,1
pSC101,3
pSC101,8
pSC101,0
pSC101,3
pSC101,1
pSC101,3
pSC101,5
pSC101,2
pSC101,5
pSC101,3
pSC101,5
pSC101,5
pSC101,6
pSC101,6
pSC101,1
pSC101,3
pSC101,2
pSC101,4
pSC101,3
pSC101,6
pSC101,3
pSC101,2
pSC101,2
pSC101,7
pSC101,6
pSC101,2
pSC101,3
pSC101,2
pSC101,6
pSC101,2
pSC101,3
pSC101,1
pSC101,4
pSC101,3
pSC101,6
pSC101,2
pSC101,6
pSC101,1
pSC101,1
pSC101,2
pSC101,5
pSC101,6
pSC101,3
pSC101,0
pSC101,5
pSC101,3
pSC101,2
pSC101,3
pSC101,2
pSC101,5
pSC101,5
pSC101,3
pSC101,1
pSC101,5
pSC101,9
pSC101,2
pSC101,4
pSC101,5
pSC101,5
pSC101,3
pSC101,5
pSC101,3
pSC101,1
pSC101,2
pSC101,2
pSC101,4
pSC101,4
pSC101,6
pSC101,3
pSC101,4
pSC101,2
pSC101,6
pSC101,3
pSC101,1
pSC101,2
pSC101,4
pSC101,1
pSC101,8
pSC101,4
pSC101,6
pSC101,3
pSC101,0
pSC101,2
pSC101,1
pSC101,2
pSC101,1
pSC101,3
pSC101,4
pSC101,5
pSC101,4
pSC101,2
pSC101,3
pSC101,0
pSC101,4
pSC101,5
pSC101,4
pSC101,1
pSC101,5
pSC101,5
pSC101,5
pSC101,7
pSC101,2
pSC101,0
pSC101,1
pSC101,5
pSC101,9
pSC101,1
pSC101,4
pSC101,2
pSC101,3
pSC101,16
pSC101,2
pSC101,3
pSC101,2
pSC101,3
pSC101,7
pSC101,2
pSC101,5
pSC101,3
pSC101,0
pSC101,6
pSC101,2
pSC101,3
pSC101,1
pSC101,4
pSC101,1
pSC101,0
pSC101,2
pSC101,1
pSC101,4
pSC101,4
pSC101,4
pSC101,5
pSC101,2
pSC101,5
pSC101,2
pSC101,5
pSC101,1
pSC101,2
pSC101,4
pSC101,2
pSC101,2
pSC101,3
pSC101,1
pSC101,3
pSC101,1
pSC101,1
pSC101,3
pSC101,0
pSC101,2
pSC101,2
pSC101,3
pSC101,3
pSC101,3
pSC101,2
pSC101,3
pSC101,1
pSC101,5
pSC101,3
pSC101,2
pSC101,4
pSC101,1
pSC101,2
pSC101,3
pSC101,2
pSC101,5
pSC101,2
pSC101,0
pSC101,1
pSC101,1
pSC101,2
pSC101,1
pSC101,6
pSC101,2
pSC101,1
pSC101,1
pSC101,4
pSC101,2
pSC101,1
pSC101,0
pSC101,7
pSC101,2
pSC101,3
pSC101,3
pSC101,1
pSC101,1
pSC101,7
pSC101,14
pSC101,3
pSC101,3
pSC101,1
pSC101,1
pSC101,1
pSC101,6
pSC101,4
pSC101,4
pSC101,4
pSC101,5
pSC101,5
pSC101,3
pSC101,2
pSC101,4
pSC101,3
pSC101,0
pSC101,3
pSC101,2
pSC101,3
pSC101,6
pSC101,11
pSC101,3
pSC101,2
pSC101,1
pSC101,1
pSC101,1
pSC101,3
pSC101,2
pSC101,1
pSC101,2
pSC101,2
pSC101,7
pSC101,3
pSC101,5
pSC101,5
pSC101,1
pSC101,4
pSC101,5
pSC101,0
pSC101,1
pSC101,1
pSC101,1
pSC101,1
pSC101,1
pSC101,1
pSC101,5
pSC101,5
pSC101,4
pSC101,2
pSC101,1
pSC101,2
pSC101,5
pSC101,2
pSC101,4
pSC101,0
pSC101,3
pSC101,1
pSC101,5
pSC101,2
pSC101,1
pSC101,7
pSC101,0
pSC101,0
pSC101,7
pSC101,1
pSC101,2
pSC101,1
pSC101,5
pSC101,3
pSC101,1
pSC101,4
pSC101,1
pSC101,2
pSC101,2
pSC101,1
pSC101,1
pSC101,5
pSC101,4
pSC101,6
pSC101,0
pSC101,2
pSC101,0
pSC101,3
pSC101,1
pSC101,4
pSC101,3
pSC101,3
pSC101,7
pSC101,4
pSC101,1
pSC101,4
pSC101,1
pSC101,1
pSC101,4
pSC101,5
pSC101,2
pSC101,1
pSC101,2
pSC101,2
pSC101,1
pSC101,2
pSC101,1
pSC101,1
pSC101,1
pSC101,2
pSC101,5
pSC101,0
pSC101,2
pSC101,2
pSC101,2
pSC101,1
pSC101,3
pSC101,2
pSC101,3
pSC101,3
pSC101,1
pSC101,0
pSC101,2
pSC101,2
pSC101,1
pSC101,3
pSC101,3
pSC101,3
pSC101,1
pSC101,1
pSC101,4
pSC101,3
pSC101,10
pSC101,6
pSC101,1
pSC101,2
pSC101,2
pSC101,2
pSC101,9
pSC101,0
pSC101,2
pSC101,0
pSC101,2
pSC101,1
pSC101,1
pSC101,2
pSC101,1
pSC101,0
pSC101,0
pSC101,1
pSC101,1
pSC101,2
pSC101,2
pSC101,1
pSC101,6
pSC101,2
pSC101,2
pSC101,1
pSC101,2
pSC101,0
pSC101,5
pSC101,2
pSC101,2
pSC101,3
pSC101,3
pSC101,2
pSC101,0
pSC101,6
pSC101,3
pSC101,4
pSC101,2
pSC101,4
pSC101,0
pSC101,2
pSC101,2
pSC101,1
pSC101,10
pSC101,2
pSC101,2
pSC101,1
pSC101,1
pSC101,1
pSC101,7
pSC101,1
pSC101,2
pSC101,8
pSC101,4
pSC101,4
pSC101,1
pSC101,5
pSC101,0
pSC101,1
pSC101,2
pSC101,1
pSC101,1
pSC101,2
pSC101,0
pSC101,4
pSC101,2
pSC101,3
pSC101,5
pSC101,1
pSC101,1
pSC101,6
pSC101,4
pSC101,4
pSC101,0
pSC101,5
pSC101,2
pSC101,4
pSC101,13
pSC101,8
pSC101,4
pSC101,1
pSC101,3
pSC101,4
pSC101,3
pSC101,6
pSC101,5
pSC101,3
pSC101,5
pSC101,3
pSC101,5
pSC101,4
pSC101,2
pSC101,5
pSC101,12
pSC101,3
pSC101,1
pSC101,3
pSC101,4
pSC101,3
pSC101,10
pSC101,1
pSC101,1
pSC101,8
pSC101,4
pSC101,7
pSC101,2
pSC101,20
pSC101,8
pSC101,6
pSC101,7
pSC101,1
pSC101,8
pSC101,22
pSC101,3
pSC101,4
pSC101,4
pSC101,6
pSC101,3
pSC101,0
pSC101,5
pSC101,5
pSC101,3
pSC101,3
pSC101,5
pSC101,5
pSC101,2
pSC101,9
pSC101,3
pSC101,4
pSC101,7
pSC101,2
pSC101,1
pSC101,4
pSC101,2
pSC101,2
pSC101,8
pSC101,2
pSC101,2
pSC101,4
pSC101,5
pSC101,2
pSC101,2
pSC101,6
pSC101,4
pSC101,3
pSC101,4
pSC101,10
pSC101,6
pSC101,4
pSC101,10
pSC101,2
pSC101,3
pSC101,3
pSC101,3
pSC101,4
pSC101,12
pSC101,16
pSC101,8
pSC101,2
pSC101,3
pSC101,4
pSC101,3
pSC101,2
pSC101,11
pSC101,8
pSC101,3
pSC101,4
pSC101,4
pSC101,3
pSC101,6
pSC101,3
pSC101,9
pSC101,3
pSC101,3
pSC101,5
pSC101,3
pSC101,1
pSC101,3
pSC101,10
pSC101,5
pSC101,1
pSC101,2
pSC101,3
pSC101,4
pSC101,4
pSC101,5
pSC101,1
pSC101,3
pSC101,2
pSC101,1
pSC101,2
pSC101,6
pSC101,3
pSC101,6
pSC101,1
pSC101,2
pSC101,2
pSC101,3
pSC101,5
pSC101,5
pSC101,18
pSC101,5
pSC101,3
pSC101,5
pSC101,2
pSC101,3
pSC101,2
pSC101,3
pSC101,3
pSC101,1
pSC101,6
pSC101,41
pSC101,5
pSC101,7
pSC101,3
pSC101,3
pSC101,4
pSC101,2
pSC101,2
pSC101,4
pSC101,22
pSC101,3
pSC101,1
pSC101,2
pSC101,6
pSC101,3
pSC101,6
pSC101,6
pSC101,2
pSC101,4
pSC101,1
pSC101,4
pSC101,5
pSC101,3
pSC101,4
pSC101,2
pSC101,4
pSC101,4
pSC101,4
pSC101,1
pSC101,3
pSC101,5
pSC101,5
pSC101,2
pSC101,6
pSC101,3
pSC101,2
pSC101,3
pSC101,5
pSC101,2
pSC101,0
pSC101,3
pSC101,3
pSC101,5
pSC101,3
pSC101,8
pSC101,3
pSC101,5
pSC101,5
pSC101,4
pSC101,2
pSC101,1
pSC101,2
pSC101,4
pSC101,3
pSC101,1
pSC101,4
pSC101,4
pSC101,2
pSC101,5
pSC101,4
pSC101,7
pSC101,10
pSC101,5
pSC101,6
pSC101,8
pSC101,18
pSC101,6
pSC101,1
pSC101,1
pSC101,10
pSC101,5
pSC101,5
pSC101,2
pSC101,2
pSC101,2
pSC101,5
pSC101,17
pSC101,8
pSC101,8
pSC101,1
pSC101,2
pSC101,6
pSC101,1
pSC101,4
pSC101,3
pSC101,2
pSC101,6
pSC101,6
pSC101,24
pSC101,1
pSC101,1
pSC101,3
pSC101,6
pSC101,4
pSC101,9
pSC101,2
pSC101,7
pSC101,2
pSC101,4
pSC101,6
pSC101,2
pSC101,3
pSC101,3
pSC101,6
pSC101,2
pSC101,2
pSC101,2
pSC101,4
pSC101,2
pSC101,4
pSC101,4
pSC101,3
pSC101,18
pSC101,2
pSC101,1
pSC101,2
pSC101,1
pSC101,2
pSC101,2
pSC101,22
pSC101,1
pSC101,6
pSC101,1
pSC101,5
pSC101,4
pSC101,2
pSC101,4
pSC101,3
pSC101,7
pSC101,2
pSC101,3
pSC101,3
pSC101,1
pSC101,2
pSC101,6
pSC101,2
pSC101,9
pSC101,3
pSC101,4
pSC101,2
pSC101,2
pSC101,2
pSC101,0
pSC101,3
pSC101,3
pSC101,3
pSC101,2
pSC101,1
pSC101,4
pSC101,0
pSC101,3
pSC101,0
pSC101,3
pSC101,8
pSC101,5
pSC101,1
pSC101,6
pSC101,1
pSC101,5
pSC101,3
pSC101,3
pSC101,3
pSC101,2
pSC101,2
pSC101,1
pSC101,2
pSC101,2
pSC101,5
pSC101,3
pSC101,1
pSC101,2
pSC101,5
pSC101,1
pSC101,0
pSC101,4
pSC101,3
pSC101,1
pSC101,3
pSC101,3
pSC101,3
pSC101,5
pSC101,8
pSC101,2
pSC101,3
pSC101,3
pSC101,4
pSC101,2
pSC101,2
pSC101,8
pSC101,4
pSC101,2
pSC101,4
pSC101,5
pSC101,1
pSC101,2
pSC101,1
pSC101,3
pSC101,3
pSC101,3
pSC101,3
pSC101,2
pSC101,4
pSC101,1
pSC101,1
pSC101,2
pSC101,4
pSC101,5
pSC101,7
pSC101,1
pSC101,1
pSC101,3
pSC101,4
pSC101,7
pSC101,4
pSC101,2
pSC101,12
pSC101,1
pSC101,3
pSC101,5
pSC101,1
pSC101,1
pSC101,8
pSC101,4
pSC101,2
pSC101,2
pSC101,1
pSC101,6
pSC101,3
pSC101,5
pSC101,1
pSC101,4
pSC101,2
pSC101,2
pSC101,5
pSC101,1
pSC101,1
pSC101,5
pSC101,0
pSC101,2
pSC101,6
pSC101,5
pSC101,3
pSC101,3
pSC101,1
pSC101,6
pSC101,1
pSC101,3
pSC101,6
pSC101,3
pSC101,6
pSC101,2
pSC101,6
pSC101,3
pSC101,4
pSC101,2
pSC101,4
pSC101,1
pSC101,6
pSC101,4
pSC101,8
pSC101,8
pSC101,2
pSC101,12
pSC101,3
pSC101,3
pSC101,6
pSC101,6
pSC101,5
pSC101,5
pSC101,1
pSC101,7
pSC101,3
pSC101,0
pSC101,3
pSC101,2
pSC101,2
pSC101,2
pSC101,3
pSC101,5
pSC101,1
pSC101,4
pSC101,6
pSC101,1
p15A,9
p15A,14
p15A,11
p15A,7
p15A,2
p15A,5
p15A,2
p15A,8
p15A,0
p15A,12
p15A,0
p15A,4
p15A,8
p15A,14
p15A,14
p15A,24
p15A,16
p15A,16
p15A,14
p15A,6
p15A,8
p15A,3
p15A,5
p15A,14
p15A,5
p15A,6
p15A,55
p15A,9
p15A,0
p15A,11
p15A,2
p15A,10
p15A,4
p15A,13
p15A,9
p15A,4
p15A,6
p15A,5
p15A,7
p15A,8
p15A,6
p15A,2
p15A,5
p15A,6
p15A,1
p15A,5
p15A,5
p15A,11
p15A,9
p15A,4
p15A,10
p15A,7
p15A,26
p15A,8
p15A,9
p15A,18
p15A,3
p15A,30
p15A,3
p15A,12
p15A,9
p15A,7
p15A,4
p15A,18
p15A,15
p15A,11
p15A,2
p15A,5
p15A,3
p15A,5
p15A,3
p15A,9
p15A,11
p15A,19
p15A,31
p15A,11
p15A,9
p15A,7
p15A,10
p15A,10
p15A,33
p15A,11
p15A,8
p15A,29
p15A,10
p15A,18
p15A,1
p15A,10
p15A,8
p15A,9
p15A,2
p15A,10
p15A,4
p15A,4
p15A,8
p15A,1
p15A,13
p15A,12
p15A,11
p15A,2
p15A,3
p15A,3
p15A,3
p15A,4
p15A,18
p15A,6
p15A,18
p15A,33
p15A,10
p15A,2
p15A,8
p15A,5
p15A,12
p15A,2
p15A,15
p15A,6
p15A,6
p15A,4
p15A,11
p15A,6
p15A,14
p15A,0
p15A,6
p15A,6
p15A,25
p15A,4
p15A,0
p15A,4
p15A,20
p15A,5
p15A,26
p15A,19
p15A,8
p15A,12
p15A,3
p15A,5
p15A,5
p15A,7
p15A,7
p15A,6
p15A,22
p15A,16
p15A,10
p15A,8
p15A,8
p15A,9
p15A,1
p15A,6
p15A,5
p15A,6
p15A,4
p15A,9
p15A,8
p15A,16
p15A,3
p15A,9
p15A,7
p15A,22
p15A,8
p15A,1
p15A,6
p15A,4
p15A,2
p15A,1
p15A,3
p15A,27
p15A,4
p15A,3
p15A,6
p15A,2
p15A,9
p15A,5
p15A,1
p15A,6
p15A,7
p15A,6
p15A,5
p15A,3
p15A,4
p15A,1
p15A,12
p15A,3
p15A,8
p15A,2
p15A,15
p15A,4
p15A,15
p15A,6
p15A,3
p15A,1
p15A,3
p15A,3
p15A,2
p15A,7
p15A,7
p15A,2
p15A,31
p15A,4
p15A,3
p15A,4
p15A,12
p15A,9
p15A,2
p15A,9
p15A,4
p15A,11
p15A,3
p15A,5
p15A,11
p15A,4
p15A,9
p15A,2
p15A,1
p15A,4
p15A,4
p15A,3
p15A,1
p15A,11
p15A,3
p15A,13
p15A,5
p15A,1
p15A,6
p15A,6
p15A,4
p15A,2
p15A,6
p15A,1
p15A,4
p15A,9
p15A,2
p15A,1
p15A,6
p15A,2
p15A,8
p15A,11
p15A,1
p15A,12
p15A,3
p15A,2
p15A,2
p15A,4
p15A,19
p15A,5
p15A,3
p15A,2
p15A,4
p15A,2
p15A,6
p15A,6
p15A,4
p15A,7
p15A,12
p15A,3
p15A,2
p15A,3
p15A,3
p15A,12
p15A,8
p15A,9
p15A,2
p15A,3
p15A,9
p15A,14
p15A,21
p15A,6
p15A,5
p15A,0
p15A,0
p15A,4
p15A,4
p15A,3
p15A,0
p15A,0
p15A,0
p15A,2
p15A,0
p15A,3
p15A,4
p15A,1
p15A,0
p15A,6
p15A,30
p15A,2
p15A,6
p15A,10
p15A,7
p15A,9
p15A,13
p15A,2
p15A,1
p15A,4
p15A,3
p15A,6
p15A,36
p15A,6
p15A,21
p15A,6
p15A,2
p15A,15
p15A,1
p15A,6
p15A,14
p15A,2
p15A,3
p15A,5
p15A,23
p15A,4
p15A,35
p15A,5
p15A,5
p15A,0
p15A,1
p15A,5
p15A,12
p15A,6
p15A,3
p15A,7
p15A,8
p15A,14
p15A,3
p15A,9
p15A,10
p15A,8
p15A,8
p15A,4
p15A,11
p15A,4
p15A,2
p15A,8
p15A,4
p15A,4
p15A,7
p15A,1
p15A,9
p15A,2
p15A,11
p15A,3
p15A,1
p15A,4
p15A,2
p15A,2
p15A,10
p15A,10
p15A,12
p15A,8
p15A,6
p15A,8
p15A,15
p15A,18
p15A,13
p15A,13
p15A,9
p15A,8
p15A,9
p15A,4
p15A,16
p15A,30
p15A,4
p15A,10
p15A,13
p15A,4
p15A,6
p15A,29
p15A,8
p15A,13
p15A,10
p15A,14
p15A,10
p15A,12
p15A,9
p15A,6
p15A,16
p15A,8
p15A,11
p15A,20
p15A,4
p15A,0
p15A,9
p15A,53
p15A,11
p15A,8
p15A,2
p15A,8
p15A,4
p15A,4
p15A,5
p15A,10
p15A,17
p15A,2
p15A,8
p15A,15
p15A,17
p15A,26
p15A,32
p15A,7
p15A,6
p15A,2
p15A,4
p15A,8
p15A,4
p15A,3
p15A,2
p15A,1
p15A,1
p15A,4
p15A,5
p15A,10
p15A,6
p15A,9
p15A,9
p15A,8
p15A,5
p15A,28
p15A,1
p15A,17
p15A,11
p15A,4
p15A,4
p15A,4
p15A,26
p15A,8
p15A,13
p15A,6
p15A,10
p15A,7
p15A,0
p15A,7
p15A,21
p15A,22
p15A,10
p15A,7
p15A,4
p15A,4
p15A,16
p15A,17
p15A,3
p15A,1
p15A,20
p15A,7
p15A,6
p15A,3
p15A,26
p15A,8
p15A,7
p15A,8
p15A,7
p15A,4
p15A,8
p15A,8
p15A,3
p15A,1
p15A,6
p15A,3
p15A,3
p15A,7
p15A,12
p15A,5
p15A,57
p15A,6
p15A,3
p15A,50
p15A,4
p15A,2
p15A,11
p15A,12
p15A,11
p15A,1
p15A,8
p15A,6
p15A,10
p15A,2
p15A,20
p15A,14
p15A,5
p15A,13
p15A,1
p15A,6
p15A,40
p15A,17
p15A,13
p15A,0
p15A,12
p15A,7
p15A,4
p15A,7
p15A,19
p15A,6
p15A,7
p15A,10
p15A,7
p15A,7
p15A,41
p15A,19
p15A,17
p15A,16
p15A,5
p15A,5
p15A,2
p15A,7
p15A,14
p15A,1
p15A,2
p15A,5
p15A,6
p15A,6
p15A,2
p15A,7
p15A,1
p15A,10
p15A,11
p15A,62
p15A,13
p15A,3
p15A,3
p15A,9
p15A,9
p15A,10
p15A,7
p15A,17
p15A,28
p15A,13
p15A,0
p15A,1
p15A,3
p15A,3
p15A,8
p15A,62
p15A,13
p15A,9
p15A,14
p15A,0
p15A,6
p15A,26
p15A,13
p15A,0
p15A,34
p15A,6
p15A,0
p15A,8
p15A,9
p15A,6
p15A,4
p15A,2
p15A,1
p15A,14
p15A,16
p15A,12
p15A,2
p15A,4
p15A,13
p15A,8
p15A,2
p15A,11
p15A,9
p15A,7
p15A,9
p15A,6
p15A,15
p15A,7
p15A,7
p15A,25
p15A,3
p15A,6
p15A,16
p15A,8
p15A,14
p15A,14
p15A,19
p15A,40
p15A,11
p15A,5
p15A,6
p15A,5
p15A,9
p15A,3
p15A,4
p15A,2
p15A,32
p15A,9
p15A,3
p15A,7
p15A,4
p15A,2
p15A,31
p15A,4
p15A,13
p15A,0
p15A,6
p15A,18
p15A,2
p15A,16
p15A,14
p15A,1
p15A,4
p15A,2
p15A,29
p15A,6
p15A,3
p15A,3
p15A,11
p15A,4
p15A,1
p15A,11
p15A,9
p15A,16
p15A,4
p15A,129
p15A,51
p15A,1
p15A,5
p15A,1
p15A,3
p15A,4
p15A,4
p15A,8
p15A,2
p15A,4
p15A,16
p15A,8
p15A,8
p15A,8
p15A,2
p15A,7
p15A,11
p15A,4
p15A,2
p15A,6
p15A,3
p15A,10
p15A,6
p15A,5
p15A,20
p15A,12
p15A,8
p15A,3
p15A,4
p15A,12
p15A,7
p15A,6
p15A,22
p15A,4
p15A,5
p15A,18
p15A,43
p15A,16
p15A,7
p15A,2
p15A,4
p15A,8
p15A,3
p15A,23
p15A,9
p15A,13
p15A,3
p15A,6
p15A,7
p15A,18
p15A,6
p15A,9
p15A,6
p15A,3
p15A,1
p15A,4
p15A,7
p15A,5
p15A,22
p15A,9
p15A,1
p15A,10
p15A,16
p15A,3
p15A,6
p15A,8
p15A,15
p15A,5
p15A,13
p15A,3
p15A,10
p15A,13
p15A,2
p15A,10
p15A,4
p15A,5
p15A,6
p15A,8
p15A,5
p15A,6
p15A,9
p15A,19
p15A,6
p15A,9
p15A,2
p15A,25
p15A,17
p15A,16
p15A,28
p15A,9
p15A,3
p15A,4
p15A,21
p15A,9
p15A,0
p15A,7
p15A,10
p15A,21
p15A,5
p15A,9
p15A,13
p15A,0
p15A,1
p15A,18
p15A,1
p15A,2
p15A,6
p15A,17
p15A,9
p15A,2
p15A,16
p15A,6
p15A,2
p15A,3
p15A,15
p15A,9
p15A,13
p15A,5
p15A,12
p15A,2
p15A,8
p15A,7
p15A,5
p15A,8
p15A,5
p15A,8
p15A,0
p15A,17
p15A,17
p15A,25
p15A,13
p15A,3
p15A,20
p15A,10
p15A,6
p15A,19
p15A,18
p15A,11
p15A,12
p15A,25
p15A,6
p15A,2
p15A,13
p15A,13
p15A,44
p15A,5
p15A,5
p15A,24
p15A,6
p15A,9
p15A,10
p15A,0
p15A,3
p15A,6
p15A,1
p15A,12
p15A,15
p15A,35
p15A,2
p15A,6
p15A,13
p15A,7
p15A,10
p15A,16
p15A,4
p15A,6
p15A,1
p15A,3
p15A,16
p15A,4
p15A,10
p15A,62
p15A,8
p15A,2
p15A,13
p15A,15
p15A,12
p15A,4
p15A,1
p15A,12
p15A,6
p15A,4
p15A,5
p15A,17
p15A,3
p15A,0
p15A,0
p15A,3
p15A,2
p15A,8
p15A,7
p15A,6
p15A,2
p15A,6
p15A,5
p15A,26
p15A,18
p15A,17
p15A,7
p15A,2
p15A,2
p15A,27
p15A,25
p15A,9
p15A,6
p15A,6
p15A,6
p15A,5
p15A,5
p15A,6
p15A,0
p15A,5
p15A,13
p15A,35
p15A,6
p15A,7
p15A,2
p15A,3
p15A,4
p15A,3
p15A,6
p15A,9
p15A,2
p15A,13
p15A,15
p15A,11
p15A,3
p15A,2
p15A,4
p15A,3
p15A,10
p15A,42
p15A,14
p15A,0
p15A,16
p15A,9
p15A,4
p15A,5
p15A,6
p15A,4
p15A,5
p15A,3
p15A,4
p15A,11
p15A,4
p15A,6
p15A,6
p15A,16
p15A,5
p15A,1
p15A,3
p15A,3
p15A,5
p15A,3
p15A,7
p15A,2
p15A,7
p15A,4
p15A,12
p15A,1
p15A,2
p15A,25
p15A,9
p15A,5
p15A,0
p15A,1
p15A,1
p15A,12
p15A,15
p15A,9
p15A,4
p15A,6
p15A,10
p15A,6
p15A,2
p15A,8
p15A,9
p15A,1
p15A,3
p15A,6
p15A,1
p15A,2
p15A,9
p15A,4
p15A,3
p15A,2
p15A,7
p15A,15
p15A,0
p15A,7
p15A,4
p15A,1
p15A,1
p15A,5
p15A,4
p15A,7
p15A,8
p15A,21
p15A,3
p15A,11
p15A,0
p15A,3
p15A,2
p15A,4
p15A,5
p15A,2
p15A,2
p15A,50
p15A,9
p15A,4
p15A,1
p15A,2
p15A,18
p15A,5
p15A,1
p15A,5
p15A,4
p15A,32
p15A,4
p15A,10
p15A,10
p15A,6
p15A,41
p15A,1
p15A,9
p15A,2
p15A,4
p15A,14
p15A,8
p15A,11
p15A,3
p15A,7
p15A,5
p15A,2
p15A,2
p15A,2
p15A,1
p15A,8
p15A,10
p15A,3
p15A,15
p15A,8
p15A,3
p15A,4
p15A,1
p15A,12
p15A,27
p15A,6
p15A,5
p15A,2
p15A,2
p15A,4
p15A,2
p15A,6
p15A,7
p15A,4
p15A,3
p15A,6
p15A,7
p15A,9
p15A,11
p15A,5
p15A,5
p15A,7
p15A,11
p15A,4
p15A,3
p15A,0
p15A,4
p15A,3
p15A,2
p15A,5
p15A,17
p15A,7
p15A,8
p15A,20
p15A,6
p15A,49
p15A,1
p15A,4
p15A,8
p15A,5
p15A,17
p15A,1
p15A,8
p15A,0
p15A,2
p15A,3
p15A,4
p15A,7
p15A,3
p15A,4
p15A,1
p15A,2
p15A,0
p15A,4
p15A,7
p15A,5
p15A,1
p15A,18
p15A,15
p15A,3
p15A,3
p15A,1
p15A,11
p15A,0
p15A,5
p15A,0
p15A,3
p15A,11
p15A,1
p15A,2
p15A,5
p15A,2
p15A,2
p15A,5
p15A,9
p15A,3
p15A,12
p15A,2
p15A,1
p15A,2
p15A,12
p15A,12
p15A,14
p15A,2
p15A,4
p15A,19
p15A,3
p15A,12
p15A,7
p15A,3
p15A,0
p15A,15
p15A,1
p15A,18
p15A,5
p15A,0
p15A,3
p15A,3
p15A,6
p15A,1
p15A,14
p15A,4
p15A,15
p15A,9
p15A,5
p15A,0
p15A,3
p15A,8
p15A,3
p15A,11
p15A,0
p15A,1
p15A,6
p15A,3
p15A,6
p15A,2
p15A,14
p15A,1
p15A,13
p15A,2
p15A,3
p15A,11
p15A,6
p15A,6
p15A,8
p15A,2
p15A,15
p15A,2
p15A,4
p15A,8
p15A,17
p15A,0
p15A,6
p15A,2
p15A,0
p15A,11
p15A,5
p15A,12
p15A,2
p15A,14
p15A,6
p15A,2
p15A,4
p15A,6
p15A,30
p15A,16
p15A,9
p15A,11
p15A,44
p15A,13
p15A,5
p15A,5
p15A,7
p15A,20
p15A,9
p15A,4
p15A,11
p15A,7
p15A,3
p15A,4
p15A,8
p15A,8
p15A,13
p15A,16
p15A,8
p15A,4
p15A,12
p15A,9
p15A,5
p15A,14
p15A,20
p15A,12
p15A,12
p15A,19
p15A,4
p15A,34
p15A,11
p15A,4
p15A,7
p15A,1
p15A,2
p15A,11
p15A,3
p15A,27
p15A,10
p15A,9
p15A,8
p15A,42
p15A,1
p15A,61
p15A,6
p15A,6
p15A,4
p15A,8
p15A,3
p15A,9
p15A,3
p15A,18
p15A,2
p15A,8
p15A,1
p15A,5
p15A,5
p15A,16
p15A,3
p15A,11
p15A,8
p15A,39
p15A,3
p15A,6
p15A,2
p15A,13
p15A,8
p15A,9
p15A,9
p15A,4
p15A,4
p15A,6
p15A,0
p15A,4
p15A,2
p15A,3
p15A,18
p15A,10
p15A,14
p15A,11
p15A,4
p15A,2
p15A,5
p15A,7
p15A,7
p15A,6
p15A,4
p15A,7
p15A,11
p15A,47
p15A,4
p15A,14
p15A,3
p15A,34
p15A,7
p15A,11
p15A,3
p15A,8
p15A,2
p15A,0
p15A,8
p15A,15
p15A,16
p15A,5
p15A,25
p15A,0
p15A,2
p15A,16
p15A,6
p15A,5
p15A,13
p15A,63
p15A,5
p15A,1
p15A,3
p15A,10
p15A,12
p15A,5
p15A,10
p15A,75
p15A,19
p15A,5
p15A,5
p15A,8
p15A,3
p15A,2
p15A,11
p15A,12
p15A,5
p15A,7
p15A,9
p15A,8
p15A,3
p15A,9
p15A,8
p15A,14
p15A,5
p15A,13
p15A,2
p15A,1
p15A,4
p15A,14
p15A,5
p15A,5
p15A,21
p15A,1
p15A,6
p15A,12
p15A,11
p15A,5
p15A,0
p15A,8
p15A,13
p15A,4
p15A,2
p15A,7
p15A,3
p15A,5
p15A,3
p15A,4
p15A,54
p15A,16
p15A,10
p15A,5
p15A,37
p15A,9
p15A,6
p15A,4
p15A,11
p15A,9
p15A,1
p15A,13
p15A,5
p15A,12
p15A,10
p15A,4
p15A,17
p15A,3
p15A,18
p15A,3
p15A,1
p15A,9
p15A,3
p15A,4
p15A,9
p15A,8
p15A,0
p15A,6
p15A,11
p15A,7
p15A,3
p15A,2
p15A,5
p15A,7
p15A,2
p15A,6
p15A,19
p15A,10
p15A,5
p15A,4
p15A,3
p15A,10
p15A,3
p15A,16
p15A,0
p15A,9
p15A,5
p15A,11
p15A,8
p15A,0
p15A,0
p15A,13
p15A,20
p15A,8
p15A,6
p15A,18
p15A,4
p15A,47
p15A,3
p15A,12
p15A,39
p15A,23
p15A,6
p15A,36
p15A,5
p15A,12
p15A,6
p15A,10
p15A,2
p15A,13
p15A,13
p15A,5
p15A,6
p15A,11
p15A,8
p15A,4
p15A,9
p15A,3
p15A,7
p15A,7
p15A,6
p15A,0
p15A,5
p15A,8
p15A,5
p15A,5
p15A,3
p15A,3
p15A,22
p15A,2
p15A,4
p15A,11
p15A,3
p15A,9
p15A,7
p15A,10
p15A,26
p15A,3
p15A,5
p15A,0
p15A,3
p15A,10
p15A,4
p15A,4
p15A,8
p15A,5
p15A,4
p15A,5
p15A,5
p15A,3
p15A,5
p15A,11
p15A,9
p15A,1
p15A,9
p15A,20
p15A,2
p15A,1
p15A,0
p15A,29
p15A,2
p15A,10
p15A,5
p15A,22
p15A,3
p15A,6
p15A,12
p15A,4
p15A,11
p15A,7
p15A,8
p15A,14
p15A,6
p15A,0
p15A,1
p15A,5
p15A,2
p15A,3
p15A,4
p15A,5
p15A,11
p15A,6
p15A,9
p15A,28
p15A,6
p15A,4
p15A,23
p15A,6
p15A,5
p15A,19
p15A,22
p15A,5
p15A,2
p15A,7
p15A,12
p15A,6
p15A,2
p15A,3
p15A,20
p15A,2
p15A,0
p15A,4
p15A,17
p15A,5
p15A,2
p15A,10
p15A,3
p15A,12
p15A,0
p15A,10
p15A,6
p15A,3
p15A,11
p15A,6
p15A,12
p15A,1
p15A,6
p15A,2
p15A,6
p15A,0
p15A,5
p15A,4
p15A,5
p15A,10
p15A,13
p15A,1
p15A,13
p15A,12
p15A,6
p15A,2
p15A,14
p15A,10
p15A,6
p15A,3
p15A,3
p15A,1
p15A,3
p15A,5
p15A,8
p15A,21
p15A,0
p15A,1
p15A,5
p15A,5
p15A,10
p15A,10
p15A,2
p15A,8
p15A,7
p15A,2
p15A,8
p15A,4
p15A,21
p15A,4
p15A,6
p15A,4
p15A,4
p15A,5
p15A,8
p15A,8
p15A,8
p15A,4
p15A,5
p15A,5
p15A,7
p15A,2
p15A,22
p15A,11
p15A,3
p15A,8
p15A,1
p15A,17
p15A,25
p15A,15
p15A,2
p15A,7
p15A,7
p15A,1
p15A,3
p15A,6
p15A,6
p15A,9
p15A,5
p15A,2
p15A,8
p15A,0
p15A,6
p15A,12
p15A,6
p15A,6
p15A,13
p15A,1
p15A,6
p15A,3
p15A,13
p15A,10
p15A,16
p15A,1
p15A,8
p15A,6
p15A,16
p15A,15
p15A,10
p15A,12
p15A,7
p15A,3
p15A,1
p15A,0
p15A,2
p15A,4
p15A,4
p15A,1
p15A,19
p15A,3
p15A,4
p15A,5
p15A,3
p15A,12
p15A,0
p15A,16
p15A,9
p15A,2
p15A,5
p15A,2
p15A,8
p15A,0
p15A,7
p15A,2
p15A,18
p15A,10
p15A,3
p15A,2
p15A,7
p15A,15
p15A,4
p15A,5
p15A,4
p15A,0
p15A,3
p15A,2
p15A,2
p15A,8
p15A,0
p15A,17
p15A,2
p15A,4
p15A,0
p15A,4
p15A,7
p15A,1
p15A,0
p15A,4
p15A,10
p15A,7
p15A,3
p15A,2
p15A,2
p15A,1
p15A,2
p15A,2
p15A,4
p15A,5
p15A,7
p15A,12
p15A,3
p15A,5
p15A,11
p15A,27
p15A,1
p15A,1
p15A,3
p15A,4
p15A,8
p15A,10
p15A,14
p15A,0
p15A,4
p15A,7
p15A,5
p15A,9
p15A,1
p15A,10
p15A,5
p15A,12
p15A,1
p15A,22
p15A,5
p15A,5
p15A,5
p15A,5
p15A,9
p15A,1
p15A,6
p15A,4
p15A,4
p15A,7
p15A,8
p15A,1
p15A,1
p15A,7
p15A,3
p15A,4
p15A,2
p15A,1
p15A,12
p15A,4
p15A,5
p15A,6
p15A,5
p15A,10
p15A,5
p15A,2
p15A,5
p15A,7
p15A,7
p15A,16
p15A,6
p15A,2
p15A,3
p15A,7
p15A,3
p15A,0
p15A,2
p15A,2
p15A,7
p15A,5
p15A,4
p15A,3
p15A,4
p15A,3
p15A,1
p15A,0
p15A,0
p15A,2
p15A,3
p15A,2
p15A,6
p15A,5
p15A,3
p15A,3
p15A,7
p15A,2
p15A,2
ColE1,21
ColE1,22
ColE1,22
ColE1,12
ColE1,21
ColE1,17
ColE1,6
ColE1,3
ColE1,30
ColE1,18
ColE1,11
ColE1,16
ColE1,11
ColE1,14
ColE1,17
ColE1,18
ColE1,1
ColE1,22
ColE1,26
ColE1,10
ColE1,15
ColE1,17
ColE1,13
ColE1,11
ColE1,5
ColE1,32
ColE1,14
ColE1,15
ColE1,14
ColE1,9
ColE1,32
ColE1,17
ColE1,17
ColE1,26
ColE1,20
ColE1,49
ColE1,29
ColE1,20
ColE1,14
ColE1,8
ColE1,15
ColE1,24
ColE1,12
ColE1,17
ColE1,7
ColE1,8
ColE1,12
ColE1,15
ColE1,19
ColE1,52
ColE1,11
ColE1,28
ColE1,14
ColE1,7
ColE1,2
ColE1,15
ColE1,11
ColE1,17
ColE1,15
ColE1,11
ColE1,3
ColE1,19
ColE1,22
ColE1,7
ColE1,16
ColE1,10
ColE1,6
ColE1,21
ColE1,2
ColE1,14
ColE1,13
ColE1,0
ColE1,20
ColE1,1
ColE1,22
ColE1,19
ColE1,21
ColE1,12
ColE1,9
ColE1,13
ColE1,8
ColE1,17
ColE1,12
ColE1,7
ColE1,11
ColE1,6
ColE1,1
ColE1,11
ColE1,7
ColE1,15
ColE1,9
ColE1,7
ColE1,8
ColE1,2
ColE1,6
ColE1,12
ColE1,6
ColE1,19
ColE1,15
ColE1,7
ColE1,1
ColE1,3
ColE1,14
ColE1,37
ColE1,10
ColE1,7
ColE1,26
ColE1,14
ColE1,26
ColE1,13
ColE1,14
ColE1,22
ColE1,18
ColE1,4
ColE1,19
ColE1,3
ColE1,7
ColE1,31
ColE1,16
ColE1,54
ColE1,29
ColE1,11
ColE1,13
ColE1,2
ColE1,16
ColE1,24
ColE1,10
ColE1,17
ColE1,17
ColE1,28
ColE1,16
ColE1,8
ColE1,12
ColE1,11
ColE1,11
ColE1,15
ColE1,19
ColE1,7
ColE1,14
ColE1,2
ColE1,21
ColE1,4
ColE1,35
ColE1,14
ColE1,6
ColE1,32
ColE1,22
ColE1,33
ColE1,18
ColE1,15
ColE1,13
ColE1,6
ColE1,5
ColE1,17
ColE1,29
ColE1,12
ColE1,3
ColE1,21
ColE1,21
ColE1,26
ColE1,16
ColE1,8
ColE1,7
ColE1,24
ColE1,5
ColE1,5
ColE1,25
ColE1,29
ColE1,6
ColE1,16
ColE1,8
ColE1,30
ColE1,10
ColE1,14
ColE1,14
ColE1,13
ColE1,36
ColE1,2
ColE1,44
ColE1,15
ColE1,29
ColE1,27
ColE1,13
ColE1,3
ColE1,14
ColE1,8
ColE1,18
ColE1,13
ColE1,3
ColE1,13
ColE1,14
ColE1,22
ColE1,8
ColE1,18
ColE1,9
ColE1,10
ColE1,20
ColE1,15
ColE1,7
ColE1,5
ColE1,19
ColE1,62
ColE1,6
ColE1,6
ColE1,27
ColE1,14
ColE1,14
ColE1,29
ColE1,19
ColE1,6
ColE1,12
ColE1,5
ColE1,25
ColE1,13
ColE1,14
ColE1,5
ColE1,21
ColE1,11
ColE1,14
ColE1,3
ColE1,15
ColE1,19
ColE1,6
ColE1,7
ColE1,9
ColE1,21
ColE1,6
ColE1,19
ColE1,4
ColE1,16
ColE1,68
ColE1,75
ColE1,26
ColE1,10
ColE1,15
ColE1,36
ColE1,16
ColE1,23
ColE1,17
ColE1,27
ColE1,1
ColE1,2
ColE1,9
ColE1,19
ColE1,19
ColE1,3
ColE1,11
ColE1,20
ColE1,17
ColE1,7
ColE1,11
ColE1,18
ColE1,9
ColE1,13
ColE1,8
ColE1,5
ColE1,22
ColE1,8
ColE1,19
ColE1,17
ColE1,11
ColE1,14
ColE1,33
ColE1,15
ColE1,27
ColE1,8
ColE1,29
ColE1,11
ColE1,9
ColE1,9
ColE1,3
ColE1,1
ColE1,15
ColE1,11
ColE1,7
ColE1,0
ColE1,10
ColE1,57
ColE1,11
ColE1,6
ColE1,13
ColE1,12
ColE1,33
ColE1,29
ColE1,22
ColE1,64
ColE1,20
ColE1,1
ColE1,17
ColE1,6
ColE1,30
ColE1,4
ColE1,19
ColE1,14
ColE1,15
ColE1,17
ColE1,24
ColE1,13
ColE1,12
ColE1,15
ColE1,2
ColE1,5
ColE1,11
ColE1,21
ColE1,8
ColE1,10
ColE1,12
ColE1,16
ColE1,26
ColE1,0
ColE1,18
ColE1,19
ColE1,4
ColE1,7
ColE1,5
ColE1,30
ColE1,9
ColE1,21
ColE1,12
ColE1,11
ColE1,21
ColE1,23
ColE1,9
ColE1,20
ColE1,16
ColE1,29
ColE1,37
ColE1,16
ColE1,14
ColE1,7
ColE1,15
ColE1,28
ColE1,17
ColE1,11
ColE1,17
ColE1,15
ColE1,3
ColE1,11
ColE1,20
ColE1,5
ColE1,7
ColE1,5
ColE1,17
ColE1,3
ColE1,21
ColE1,82
ColE1,4
ColE1,1
ColE1,4
ColE1,7
ColE1,14
ColE1,1
ColE1,11
ColE1,8
ColE1,10
ColE1,5
ColE1,3
ColE1,12
ColE1,14
ColE1,18
ColE1,32
ColE1,14
ColE1,4
ColE1,17
ColE1,6
ColE1,8
ColE1,55
ColE1,11
ColE1,9
ColE1,9
ColE1,10
ColE1,17
ColE1,9
ColE1,17
ColE1,13
ColE1,10
ColE1,18
ColE1,13
ColE1,4
ColE1,31
ColE1,9
ColE1,12
ColE1,20
ColE1,10
ColE1,11
ColE1,10
ColE1,2
ColE1,20
ColE1,23
ColE1,9
ColE1,8
ColE1,14
ColE1,7
ColE1,21
ColE1,1
ColE1,15
ColE1,5
ColE1,6
ColE1,8
ColE1,10
ColE1,8
ColE1,8
ColE1,20
ColE1,6
ColE1,12
ColE1,17
ColE1,11
ColE1,11
ColE1,25
ColE1,2
ColE1,11
ColE1,21
ColE1,9
ColE1,27
ColE1,30
ColE1,21
ColE1,6
ColE1,15
ColE1,30
ColE1,62
ColE1,22
ColE1,4
ColE1,3
ColE1,22
ColE1,10
ColE1,2
ColE1,7
ColE1,11
ColE1,59
ColE1,43
ColE1,13
ColE1,9
ColE1,19
ColE1,15
ColE1,22
ColE1,17
ColE1,67
ColE1,27
ColE1,17
ColE1,39
ColE1,40
ColE1,16
ColE1,14
ColE1,14
ColE1,16
ColE1,10
ColE1,26
ColE1,10
ColE1,18
ColE1,5
ColE1,44
ColE1,17
ColE1,12
ColE1,17
ColE1,25
ColE1,20
ColE1,24
ColE1,16
ColE1,8
ColE1,3
ColE1,17
ColE1,20
ColE1,16
ColE1,25
ColE1,19
ColE1,18
ColE1,2
ColE1,12
ColE1,13
ColE1,8
ColE1,8
ColE1,4
ColE1,21
ColE1,35
ColE1,13
ColE1,7
ColE1,21
ColE1,26
ColE1,1
ColE1,15
ColE1,19
ColE1,26
ColE1,8
ColE1,22
ColE1,46
ColE1,9
ColE1,8
ColE1,52
ColE1,10
ColE1,27
ColE1,78
ColE1,9
ColE1,14
ColE1,20
ColE1,23
ColE1,27
ColE1,33
ColE1,8
ColE1,34
ColE1,16
ColE1,31
ColE1,22
ColE1,26
ColE1,11
ColE1,29
ColE1,27
ColE1,8
ColE1,25
ColE1,11
ColE1,28
ColE1,9
ColE1,29
ColE1,9
ColE1,18
ColE1,0
ColE1,9
ColE1,23
ColE1,26
ColE1,24
ColE1,10
ColE1,2
ColE1,78
ColE1,16
ColE1,16
ColE1,29
ColE1,34
ColE1,11
ColE1,15
ColE1,16
ColE1,9
ColE1,9
ColE1,22
ColE1,26
ColE1,20
ColE1,16
ColE1,3
ColE1,40
ColE1,53
ColE1,24
ColE1,1
ColE1,56
ColE1,4
ColE1,28
ColE1,49
ColE1,19
ColE1,46
ColE1,3
ColE1,20
ColE1,18
ColE1,22
ColE1,43
ColE1,25
ColE1,13
ColE1,0
ColE1,9
ColE1,25
ColE1,19
ColE1,19
ColE1,20
ColE1,21
ColE1,18
ColE1,37
ColE1,14
ColE1,20
ColE1,26
ColE1,27
ColE1,19
ColE1,42
ColE1,20
ColE1,59
ColE1,60
ColE1,14
ColE1,19
ColE1,12
ColE1,21
ColE1,22
ColE1,4
ColE1,32
ColE1,19
ColE1,15
ColE1,16
ColE1,6
ColE1,21
ColE1,18
ColE1,25
ColE1,11
ColE1,19
ColE1,37
ColE1,24
ColE1,12
ColE1,31
ColE1,41
ColE1,18
ColE1,46
ColE1,26
ColE1,16
ColE1,20
ColE1,30
ColE1,7
ColE1,16
ColE1,14
ColE1,9
ColE1,12
ColE1,18
ColE1,20
ColE1,22
ColE1,13
ColE1,12
ColE1,16
ColE1,11
ColE1,20
ColE1,10
ColE1,21
ColE1,10
ColE1,35
ColE1,12
ColE1,19
ColE1,5
ColE1,18
ColE1,25
ColE1,20
ColE1,40
ColE1,7
ColE1,14
ColE1,22
ColE1,8
ColE1,9
ColE1,13
ColE1,17
ColE1,17
ColE1,27
ColE1,0
ColE1,7
ColE1,16
ColE1,13
ColE1,28
ColE1,17
ColE1,19
ColE1,20
ColE1,10
ColE1,17
ColE1,9
ColE1,28
ColE1,27
ColE1,5
ColE1,7
ColE1,14
ColE1,9
ColE1,11
ColE1,17
ColE1,26
ColE1,24
ColE1,20
ColE1,22
ColE1,5
ColE1,41
ColE1,2
ColE1,10
ColE1,17
ColE1,10
ColE1,16
ColE1,8
ColE1,18
ColE1,28
ColE1,21
ColE1,14
ColE1,24
ColE1,14
ColE1,16
ColE1,8
ColE1,9
ColE1,0
ColE1,11
ColE1,9
ColE1,9
ColE1,25
ColE1,21
ColE1,26
ColE1,20
ColE1,26
ColE1,18
ColE1,16
ColE1,17
ColE1,7
ColE1,6
ColE1,6
ColE1,11
ColE1,9
ColE1,6
ColE1,8
ColE1,5
ColE1,16
ColE1,9
ColE1,23
ColE1,80
ColE1,0
ColE1,3
ColE1,10
ColE1,10
ColE1,20
ColE1,12
ColE1,1
ColE1,6
ColE1,9
ColE1,27
ColE1,26
ColE1,11
ColE1,20
ColE1,23
ColE1,19
ColE1,14
ColE1,12
ColE1,22
ColE1,16
ColE1,27
ColE1,10
ColE1,13
ColE1,5
ColE1,13
ColE1,8
ColE1,5
ColE1,5
ColE1,18
ColE1,26
ColE1,16
ColE1,6
ColE1,9
ColE1,61
ColE1,20
ColE1,6
ColE1,4
ColE1,0
ColE1,17
ColE1,19
ColE1,16
ColE1,17
ColE1,43
ColE1,22
ColE1,7
ColE1,14
ColE1,12
ColE1,14
ColE1,23
ColE1,6
ColE1,14
ColE1,7
ColE1,5
ColE1,19
ColE1,34
ColE1,6
ColE1,8
ColE1,9
ColE1,10
ColE1,31
ColE1,2
ColE1,22
ColE1,15
ColE1,30
ColE1,18
ColE1,18
ColE1,13
ColE1,6
ColE1,3
ColE1,11
ColE1,10
ColE1,27
ColE1,9
ColE1,15
ColE1,14
ColE1,3
ColE1,11
ColE1,10
ColE1,9
ColE1,14
ColE1,10
ColE1,21
ColE1,19
ColE1,4
ColE1,17
ColE1,13
ColE1,0
ColE1,16
ColE1,42
ColE1,0
ColE1,12
ColE1,15
ColE1,11
ColE1,6
ColE1,9
ColE1,14
ColE1,5
ColE1,20
ColE1,1
ColE1,5
ColE1,11
ColE1,21
ColE1,16
ColE1,19
ColE1,5
ColE1,7
ColE1,14
ColE1,13
ColE1,27
ColE1,16
ColE1,9
ColE1,9
ColE1,7
ColE1,4
ColE1,10
ColE1,7
ColE1,17
ColE1,7
ColE1,8
ColE1,19
ColE1,7
ColE1,5
ColE1,20
ColE1,23
ColE1,2
ColE1,27
ColE1,13
ColE1,14
ColE1,11
ColE1,23
ColE1,10
ColE1,10
ColE1,6
ColE1,14
ColE1,6
ColE1,19
ColE1,6
ColE1,18
ColE1,6
ColE1,4
ColE1,31
ColE1,21
ColE1,3
ColE1,10
ColE1,17
ColE1,7
ColE1,12
ColE1,2
ColE1,30
ColE1,6
ColE1,11
ColE1,27
ColE1,11
ColE1,105
ColE1,17
ColE1,18
ColE1,14
ColE1,8
ColE1,0
ColE1,28
ColE1,19
ColE1,29
ColE1,13
ColE1,7
ColE1,7
ColE1,39
ColE1,18
ColE1,37
ColE1,18
ColE1,0
ColE1,33
ColE1,16
ColE1,11
ColE1,13
ColE1,21
ColE1,10
ColE1,6
ColE1,12
ColE1,5
ColE1,3
ColE1,21
ColE1,17
ColE1,17
ColE1,55
ColE1,15
ColE1,54
ColE1,10
ColE1,23
ColE1,3
ColE1,12
ColE1,25
ColE1,21
ColE1,10
ColE1,19
ColE1,19
ColE1,20
ColE1,15
ColE1,21
ColE1,44
ColE1,4
ColE1,30
ColE1,23
ColE1,30
ColE1,64
ColE1,32
ColE1,29
ColE1,7
ColE1,12
ColE1,26
ColE1,6
ColE1,23
ColE1,9
ColE1,9
ColE1,43
ColE1,13
ColE1,16
ColE1,2
ColE1,12
ColE1,35
ColE1,13
ColE1,24
ColE1,9
ColE1,58
ColE1,3
ColE1,4
ColE1,30
ColE1,15
ColE1,10
ColE1,8
ColE1,18
ColE1,12
ColE1,20
ColE1,6
ColE1,19
ColE1,21
ColE1,21
ColE1,30
ColE1,24
ColE1,96
ColE1,19
ColE1,1
ColE1,7
ColE1,13
ColE1,17
ColE1,12
ColE1,5
ColE1,18
ColE1,107
ColE1,10
ColE1,7
ColE1,27
ColE1,31
ColE1,15
ColE1,21
ColE1,39
ColE1,17
ColE1,11
ColE1,34
ColE1,18
ColE1,10
ColE1,3
ColE1,12
ColE1,6
ColE1,47
ColE1,28
ColE1,25
ColE1,6
ColE1,25
ColE1,9
ColE1,51
ColE1,19
ColE1,20
ColE1,35
ColE1,5
ColE1,20
ColE1,6
ColE1,6
ColE1,10
ColE1,16
ColE1,7
ColE1,10
ColE1,13
ColE1,17
ColE1,17
ColE1,13
ColE1,17
ColE1,17
ColE1,16
ColE1,36
ColE1,2
ColE1,9
ColE1,26
ColE1,17
ColE1,8
ColE1,44
ColE1,10
ColE1,20
ColE1,17
ColE1,17
ColE1,6
ColE1,17
ColE1,16
ColE1,18
ColE1,18
ColE1,17
ColE1,46
ColE1,18
ColE1,20
ColE1,18
ColE1,14
ColE1,23
ColE1,28
ColE1,21
ColE1,13
ColE1,41
ColE1,42
ColE1,11
ColE1,22
ColE1,1
ColE1,29
ColE1,21
ColE1,25
ColE1,15
ColE1,9
ColE1,7
ColE1,3
ColE1,10
ColE1,15
ColE1,5
ColE1,12
ColE1,17
ColE1,8
ColE1,9
ColE1,12
ColE1,30
ColE1,15
ColE1,30
ColE1,45
ColE1,13
ColE1,15
ColE1,9
ColE1,12
ColE1,35
ColE1,7
ColE1,14
ColE1,33
ColE1,21
ColE1,25
ColE1,21
ColE1,8
ColE1,6
ColE1,12
ColE1,19
ColE1,29
ColE1,13
ColE1,18
ColE1,20
ColE1,33
ColE1,9
ColE1,11
ColE1,12
ColE1,22
ColE1,9
ColE1,15
ColE1,22
ColE1,31
ColE1,71
ColE1,20
ColE1,40
ColE1,12
ColE1,72
ColE1,27
ColE1,20
ColE1,12
ColE1,34
ColE1,9
ColE1,1
ColE1,48
ColE1,16
ColE1,13
ColE1,11
ColE1,16
ColE1,24
ColE1,20
ColE1,34
ColE1,12
ColE1,9
ColE1,22
ColE1,19
ColE1,18
ColE1,15
ColE1,34
ColE1,28
ColE1,16
ColE1,16
ColE1,15
ColE1,16
ColE1,23
ColE1,33
ColE1,15
ColE1,25
ColE1,25
ColE1,38
ColE1,30
ColE1,28
ColE1,5
ColE1,12
ColE1,18
ColE1,106
ColE1,0
ColE1,51
ColE1,32
ColE1,39
ColE1,41
ColE1,59
ColE1,19
ColE1,20
ColE1,14
ColE1,15
ColE1,35
ColE1,37
ColE1,27
ColE1,14
ColE1,19
ColE1,5
ColE1,16
ColE1,43
ColE1,16
ColE1,13
ColE1,0
ColE1,24
ColE1,17
ColE1,24
ColE1,14
ColE1,11
ColE1,7
ColE1,10
ColE1,8
ColE1,45
ColE1,24
ColE1,16
ColE1,10
ColE1,10
ColE1,28
ColE1,13
ColE1,11
ColE1,19
ColE1,30
ColE1,15
ColE1,34
ColE1,7
ColE1,27
ColE1,9
ColE1,30
ColE1,32
ColE1,22
ColE1,13
ColE1,6
ColE1,7
ColE1,12
ColE1,4
ColE1,20
ColE1,10
ColE1,8
ColE1,22
ColE1,8
ColE1,9
ColE1,36
ColE1,15
ColE1,9
ColE1,19
ColE1,28
ColE1,20
ColE1,15
ColE1,28
ColE1,7
ColE1,9
ColE1,14
ColE1,7
ColE1,36
ColE1,40
ColE1,12
ColE1,7
ColE1,15
ColE1,17
ColE1,10
ColE1,27
ColE1,6
ColE1,10
ColE1,28
ColE1,11
ColE1,17
ColE1,11
ColE1,12
ColE1,9
ColE1,22
ColE1,7
ColE1,18
ColE1,7
ColE1,36
ColE1,28
ColE1,17
ColE1,25
ColE1,29
ColE1,37
ColE1,14
ColE1,22
ColE1,11
ColE1,13
ColE1,12
ColE1,9
ColE1,12
ColE1,19
ColE1,64
ColE1,19
ColE1,12
ColE1,4
ColE1,21
ColE1,15
ColE1,15
ColE1,15
ColE1,30
ColE1,21
ColE1,28
ColE1,3
ColE1,6
ColE1,24
ColE1,19
ColE1,23
ColE1,15
ColE1,17
ColE1,10
ColE1,9
ColE1,16
ColE1,13
ColE1,15
ColE1,12
ColE1,25
ColE1,16
ColE1,4
ColE1,7
ColE1,21
ColE1,19
ColE1,19
ColE1,5
ColE1,7
ColE1,27
ColE1,21
ColE1,15
ColE1,21
ColE1,18
ColE1,26
ColE1,21
ColE1,13
ColE1,24
ColE1,72
ColE1,40
ColE1,4
ColE1,20
ColE1,48
ColE1,19
ColE1,17
ColE1,17
ColE1,15
ColE1,14
ColE1,70
ColE1,11
ColE1,21
ColE1,18
ColE1,20
ColE1,19
ColE1,91
ColE1,21
ColE1,34
ColE1,18
ColE1,25
ColE1,14
ColE1,9
ColE1,12
ColE1,22
ColE1,35
ColE1,16
ColE1,19
ColE1,21
ColE1,25
ColE1,12
ColE1,18
ColE1,12
ColE1,19
ColE1,12
ColE1,15
ColE1,24
ColE1,15
ColE1,12
ColE1,43
ColE1,9
ColE1,10
ColE1,15
ColE1,2
ColE1,2
ColE1,25
ColE1,18
ColE1,36
ColE1,13
ColE1,10
ColE1,16
ColE1,12
ColE1,23
ColE1,10
ColE1,6
ColE1,27
ColE1,19
ColE1,17
ColE1,23
ColE1,13
ColE1,13
ColE1,9
ColE1,14
ColE1,6
ColE1,11
ColE1,6
ColE1,14
ColE1,25
ColE1,9
ColE1,17
ColE1,19
ColE1,3
ColE1,11
ColE1,20
ColE1,22
ColE1,1
ColE1,19
ColE1,21
ColE1,16
ColE1,14
ColE1,12
ColE1,32
ColE1,22
ColE1,11
ColE1,12
ColE1,10
ColE1,32
ColE1,19
ColE1,12
ColE1,17
ColE1,6
ColE1,11
ColE1,4
ColE1,21
ColE1,17
ColE1,29
ColE1,9
ColE1,6
ColE1,9
ColE1,14
ColE1,26
ColE1,14
ColE1,15
ColE1,13
ColE1,13
ColE1,138
ColE1,18
ColE1,23
ColE1,16
ColE1,7
ColE1,8
ColE1,20
ColE1,77
ColE1,7
ColE1,13
ColE1,24
ColE1,14
ColE1,5
ColE1,22
ColE1,5
ColE1,8
ColE1,18
ColE1,11
ColE1,14
ColE1,8
ColE1,12
ColE1,4
ColE1,10
ColE1,11
ColE1,1
ColE1,19
ColE1,8
ColE1,12
ColE1,5
ColE1,24
ColE1,14
ColE1,14
ColE1,10
ColE1,15
ColE1,7
ColE1,8
ColE1,15
ColE1,8
ColE1,12
ColE1,31
ColE1,18
ColE1,9
ColE1,10
ColE1,16
ColE1,10
ColE1,9
ColE1,11
ColE1,19
ColE1,15
ColE1,1
ColE1,3
ColE1,20
ColE1,21
ColE1,23
ColE1,9
ColE1,9
ColE1,9
ColE1,1
ColE1,31
ColE1,0
ColE1,13
ColE1,15
ColE1,6
ColE1,4
ColE1,12
ColE1,12
ColE1,23
ColE1,11
ColE1,15
ColE1,11
ColE1,31
ColE1,7
ColE1,6
ColE1,19
ColE1,24
ColE1,9
ColE1,2
ColE1,9
ColE1,16
ColE1,9
ColE1,3
ColE1,15
ColE1,10
ColE1,27
ColE1,55
ColE1,12
ColE1,15
ColE1,4
ColE1,4
ColE1,11
ColE1,19
ColE1,49
ColE1,15
ColE1,28
ColE1,17
ColE1,27
ColE1,41
ColE1,13
ColE1,38
ColE1,8
ColE1,17
ColE1,3
ColE1,7
ColE1,40
ColE1,3
ColE1,11
ColE1,22
ColE1,10
ColE1,9
ColE1,1
ColE1,19
ColE1,15
ColE1,2
ColE1,18
ColE1,4
ColE1,8
ColE1,20
ColE1,12
ColE1,18
ColE1,17
ColE1,4
ColE1,8
ColE1,8
ColE1,16
ColE1,7
ColE1,16
ColE1,1
ColE1,23
ColE1,11
ColE1,10
ColE1,20
ColE1,2
ColE1,5
ColE1,23
ColE1,5
ColE1,10
ColE1,7
ColE1,11
ColE1,22
ColE1,7
ColE1,5
ColE1,12
ColE1,29
ColE1,13
ColE1,15
ColE1,10
ColE1,6
ColE1,12
ColE1,21
ColE1,4
ColE1,10
ColE1,4
ColE1,19
ColE1,7
ColE1,14
ColE1,10
ColE1,8
ColE1,19
ColE1,29
ColE1,4
ColE1,2
ColE1,87
ColE1,36
ColE1,12
ColE1,53
ColE1,23
ColE1,19
ColE1,15
ColE1,7
ColE1,33
ColE1,28
ColE1,32
ColE1,17
ColE1,10
ColE1,23
ColE1,11
ColE1,2
ColE1,54
ColE1,25
ColE1,8
ColE1,6
ColE1,25
ColE1,15
ColE1,27
ColE1,19
ColE1,12
ColE1,32
ColE1,38
ColE1,32
ColE1,42
ColE1,30
ColE1,7
ColE1,13
ColE1,28
ColE1,23
ColE1,20
ColE1,30
ColE1,52
ColE1,3
ColE1,54
ColE1,10
ColE1,72
ColE1,21
ColE1,0
ColE1,9
ColE1,18
ColE1,33
ColE1,2
ColE1,66
ColE1,14
ColE1,18
ColE1,10
ColE1,25
ColE1,18
ColE1,133
ColE1,155
ColE1,46
ColE1,9
ColE1,20
ColE1,6
ColE1,14
ColE1,7
ColE1,11
ColE1,34
ColE1,1
ColE1,10
ColE1,13
ColE1,13
ColE1,26
ColE1,28
ColE1,32
ColE1,3
ColE1,0
ColE1,18
ColE1,31
ColE1,22
ColE1,32
ColE1,37
ColE1,19
ColE1,2
ColE1,19
ColE1,25
ColE1,21
ColE1,10
ColE1,26
ColE1,19
ColE1,29
ColE1,7
ColE1,17
ColE1,53
ColE1,8
ColE1,27
ColE1,27
ColE1,12
ColE1,10
ColE1,9
ColE1,14
ColE1,19
ColE1,6
ColE1,22
ColE1,7
ColE1,31
ColE1,28
ColE1,56
ColE1,3
ColE1,0
ColE1,0
ColE1,19
ColE1,12
ColE1,20
ColE1,1
ColE1,7
ColE1,27
ColE1,2
ColE1,30
ColE1,35
ColE1,24
ColE1,17
ColE1,7
ColE1,4
ColE1,26
ColE1,32
ColE1,59
ColE1,5
ColE1,9
ColE1,12
ColE1,3
ColE1,52
ColE1,30
ColE1,35
ColE1,11
ColE1,8
ColE1,10
ColE1,14
ColE1,3
ColE1,29
ColE1,8
ColE1,5
ColE1,31
ColE1,8
ColE1,12
ColE1,19
ColE1,21
ColE1,14
ColE1,10
ColE1,8
ColE1,29
ColE1,26
ColE1,34
ColE1,13
ColE1,16
ColE1,27
ColE1,13
ColE1,8
ColE1,9
ColE1,33
ColE1,36
ColE1,20
ColE1,21
ColE1,29
ColE1,7
ColE1,35
ColE1,13
ColE1,29
ColE1,24
ColE1,34
ColE1,3
ColE1,4
ColE1,16
ColE1,11
ColE1,39
ColE1,27
ColE1,15
ColE1,34
ColE1,11
ColE1,21
ColE1,15
ColE1,12
ColE1,6
ColE1,23
ColE1,27
ColE1,4
ColE1,31
ColE1,6
ColE1,21
ColE1,35
ColE1,94
ColE1,7
ColE1,14
ColE1,40
ColE1,4
ColE1,11
ColE1,2
ColE1,32
ColE1,44
ColE1,13
ColE1,22
ColE1,10
ColE1,17
ColE1,24
ColE1,20
ColE1,16
ColE1,19
ColE1,11
ColE1,121
ColE1,21
ColE1,14
ColE1,13
ColE1,58
ColE1,17
ColE1,28
ColE1,43
ColE1,8
ColE1,23
ColE1,6
ColE1,47
ColE1,11
ColE1,15
ColE1,24
ColE1,39
ColE1,22
ColE1,0
ColE1,7
ColE1,5
ColE1,30
ColE1,15
ColE1,8
ColE1,14
ColE1,33
ColE1,21
ColE1,7
ColE1,34
ColE1,20
ColE1,14
ColE1,38
ColE1,38
ColE1,22
ColE1,21
ColE1,3
ColE1,12
ColE1,8
ColE1,9
ColE1,3
ColE1,4
ColE1,11
ColE1,9
ColE1,9
ColE1,14
ColE1,12
ColE1,16
ColE1,11
ColE1,13
ColE1,17
ColE1,110
ColE1,4
ColE1,9
ColE1,23
ColE1,11
ColE1,13
ColE1,15
ColE1,45
ColE1,24
ColE1,38
ColE1,63
ColE1,53
ColE1,24
ColE1,84
ColE1,1
ColE1,36
ColE1,20
ColE1,12
ColE1,22
ColE1,16
ColE1,136
ColE1,24
ColE1,44
ColE1,7
ColE1,10
ColE1,13
ColE1,7
ColE1,25
ColE1,24
ColE1,48
ColE1,9
ColE1,8
ColE1,35
ColE1,2
ColE1,4
ColE1,12
pUC,8
pUC,84
pUC,13
pUC,53
pUC,25
pUC,5
pUC,31
pUC,61
pUC,22
pUC,28
pUC,43
pUC,47
pUC,31
pUC,213
pUC,19
pUC,22
pUC,40
pUC,27
pUC,0
pUC,50
pUC,60
pUC,22
pUC,94
pUC,14
pUC,51
pUC,27
pUC,66
pUC,48
pUC,34
pUC,78
pUC,31
pUC,176
pUC,27
pUC,119
pUC,48
pUC,19
pUC,53
pUC,26
pUC,80
pUC,25
pUC,177
pUC,65
pUC,107
pUC,17
pUC,24
pUC,9
pUC,78
pUC,24
pUC,107
pUC,24
pUC,12
pUC,21
pUC,14
pUC,149
pUC,26
pUC,137
pUC,83
pUC,13
pUC,22
pUC,40
pUC,69
pUC,34
pUC,14
pUC,52
pUC,20
pUC,52
pUC,76
pUC,98
pUC,44
pUC,78
pUC,68
pUC,56
pUC,89
pUC,92
pUC,98
pUC,27
pUC,39
pUC,58
pUC,30
pUC,30
pUC,47
pUC,117
pUC,21
pUC,39
pUC,103
pUC,12
pUC,45
pUC,48
pUC,30
pUC,49
pUC,140
pUC,48
pUC,15
pUC,56
pUC,212
pUC,115
pUC,234
pUC,45
pUC,181
pUC,42
pUC,12
pUC,18
pUC,12
pUC,23
pUC,74
pUC,14
pUC,38
pUC,33
pUC,50
pUC,97
pUC,83
pUC,20
pUC,14
pUC,58
pUC,21
pUC,28
pUC,23
pUC,3
pUC,55
pUC,54
pUC,23
pUC,59
pUC,12
pUC,21
pUC,298
pUC,158
pUC,21
pUC,18
pUC,4
pUC,91
pUC,72
pUC,50
pUC,99
pUC,81
pUC,24
pUC,8
pUC,65
pUC,12
pUC,11
pUC,31
pUC,44
pUC,22
pUC,268
pUC,8
pUC,18
pUC,124
pUC,31
pUC,62
pUC,29
pUC,17
pUC,11
pUC,29
pUC,48
pUC,28
pUC,17
pUC,46
pUC,68
pUC,10
pUC,59
pUC,7
pUC,119
pUC,24
pUC,23
pUC,26
pUC,120
pUC,1
pUC,7
pUC,54
pUC,53
pUC,14
pUC,125
pUC,45
pUC,49
pUC,69
pUC,39
pUC,58
pUC,32
pUC,64
pUC,98
pUC,55
pUC,107
pUC,79
pUC,93
pUC,94
pUC,13
pUC,36
pUC,34
pUC,26
pUC,58
pUC,80
pUC,34
pUC,89
pUC,16
pUC,35
pUC,51
pUC,88
pUC,28
pUC,32
pUC,32
pUC,20
pUC,55
pUC,75
pUC,50
pUC,63
pUC,125
pUC,26
pUC,24
pUC,22
pUC,18
pUC,27
pUC,66
pUC,31
pUC,202
pUC,91
pUC,19
pUC,11
pUC,39
pUC,60
pUC,0
pUC,42
pUC,18
pUC,7
pUC,13
pUC,31
pUC,94
pUC,121
pUC,48
pUC,23
pUC,56
pUC,20
pUC,47
pUC,107
pUC,114
pUC,82
pUC,24
pUC,67
pUC,17
pUC,54
pUC,11
pUC,4
pUC,16
pUC,48
pUC,62
pUC,56
pUC,24
pUC,65
pUC,52
pUC,101
pUC,35
pUC,32
pUC,41
pUC,87
pUC,115
pUC,70
pUC,105
pUC,12
pUC,92
pUC,52
pUC,113
pUC,114
pUC,46
pUC,106
pUC,47
pUC,19
pUC,4
pUC,66
pUC,47
pUC,58
pUC,192
pUC,47
pUC,89
pUC,168
pUC,73
pUC,78
pUC,113
pUC,135
pUC,5
pUC,39
pUC,106
pUC,29
pUC,46
pUC,90
pUC,232
pUC,97
pUC,44
pUC,160
pUC,78
pUC,73
pUC,113
pUC,9
pUC,105
pUC,10
pUC,13
pUC,71
pUC,146
pUC,23
pUC,40
pUC,36
pUC,137
pUC,183
pUC,82
pUC,13
pUC,31
pUC,86
pUC,44
pUC,7
pUC,19
pUC,99
pUC,55
pUC,36
pUC,137
pUC,36
pUC,59
pUC,65
pUC,12
pUC,44
pUC,2
pUC,4
pUC,21
pUC,2
pUC,0
pUC,48
pUC,11
pUC,203
pUC,30
pUC,42
pUC,185
pUC,74
pUC,22
pUC,67
pUC,9
pUC,7
pUC,83
pUC,15
pUC,61
pUC,80
pUC,34
pUC,43
pUC,91
pUC,6
pUC,71
pUC,126
pUC,75
pUC,25
pUC,17
pUC,90
pUC,472
pUC,67
pUC,59
pUC,14
pUC,64
pUC,31
pUC,59
pUC,46
pUC,27
pUC,156
pUC,65
pUC,55
pUC,33
pUC,64
pUC,71
pUC,23
pUC,19
pUC,30
pUC,4
pUC,93
pUC,96
pUC,31
pUC,31
pUC,53
pUC,2
pUC,54
pUC,24
pUC,47
pUC,42
pUC,118
pUC,59
pUC,165
pUC,34
pUC,49
pUC,18
pUC,13
pUC,13
pUC,125
pUC,1
pUC,35
pUC,91
pUC,8
pUC,65
pUC,58
pUC,20
pUC,68
pUC,14
pUC,27
pUC,17
pUC,17
pUC,5
pUC,13
pUC,73
pUC,70
pUC,33
pUC,21
pUC,270
pUC,84
pUC,69
pUC,13
pUC,80
pUC,24
pUC,24
pUC,29
pUC,17
pUC,84
pUC,77
pUC,46
pUC,37
pUC,16
pUC,20
pUC,23
pUC,27
pUC,43
pUC,10
pUC,5
pUC,70
pUC,178
pUC,93
pUC,41
pUC,87
pUC,6
pUC,72
pUC,18
pUC,122
pUC,65
pUC,53
pUC,23
pUC,138
pUC,23
pUC,64
pUC,11
pUC,51
pUC,31
pUC,6
pUC,55
pUC,19
pUC,34
pUC,182
pUC,72
pUC,51
pUC,135
pUC,50
pUC,33
pUC,52
pUC,28
pUC,15
pUC,32
pUC,32
pUC,34
pUC,3
pUC,10
pUC,59
pUC,78
pUC,49
pUC,30
pUC,43
pUC,278
pUC,246
pUC,15
pUC,2
pUC,11
pUC,25
pUC,25
pUC,21
pUC,39
pUC,27
pUC,46
pUC,18
pUC,29
pUC,30
pUC,84
pUC,46
pUC,21
pUC,31
pUC,32
pUC,69
pUC,4
pUC,69
pUC,152
pUC,19
pUC,83
pUC,77
pUC,8
pUC,0
pUC,41
pUC,49
pUC,95
pUC,26
pUC,67
pUC,57
pUC,147
pUC,23
pUC,24
pUC,28
pUC,104
pUC,22
pUC,12
pUC,101
pUC,37
pUC,116
pUC,41
pUC,85
pUC,110
pUC,37
pUC,16
pUC,21
pUC,40
pUC,49
pUC,22
pUC,107
pUC,79
pUC,40
pUC,8
pUC,45
pUC,25
pUC,58
pUC,39
pUC,113
pUC,29
pUC,64
pUC,90
pUC,13
pUC,443
pUC,55
pUC,64
pUC,8
pUC,116
pUC,263
pUC,308
pUC,193
pUC,31
pUC,65
pUC,269
pUC,36
pUC,57
pUC,173
pUC,80
pUC,17
pUC,75
pUC,39
pUC,164
pUC,48
pUC,68
pUC,180
pUC,57
pUC,158
pUC,26
pUC,47
pUC,56
pUC,187
pUC,117
pUC,45
pUC,51
pUC,49
pUC,35
pUC,144
pUC,357
pUC,27
pUC,41
pUC,368
pUC,36
pUC,81
pUC,60
pUC,55
pUC,61
pUC,61
pUC,38
pUC,145
pUC,116
pUC,64
pUC,230
pUC,460
pUC,332
pUC,175
pUC,187
pUC,51
pUC,233
pUC,326
pUC,116
pUC,84
pUC,69
pUC,127
pUC,86
pUC,31
pUC,4
pUC,29
pUC,119
pUC,12
pUC,25
pUC,83
pUC,88
pUC,60
pUC,131
pUC,20
pUC,129
pUC,60
pUC,10
pUC,80
pUC,88
pUC,22
pUC,53
pUC,10
pUC,158
pUC,49
pUC,33
pUC,149
pUC,41
pUC,89
pUC,207
pUC,10
pUC,3
pUC,25
pUC,45
pUC,90
pUC,63
pUC,8
pUC,111
pUC,30
pUC,49
pUC,48
pUC,55
pUC,74
pUC,14
pUC,66
pUC,11
pUC,41
pUC,30
pUC,37
pUC,22
pUC,68
pUC,28
pUC,60
pUC,43
pUC,25
pUC,98
pUC,50
pUC,90
pUC,69
pUC,315
pUC,36
pUC,52
pUC,28
pUC,10
pUC,29
pUC,62
pUC,53
pUC,52
pUC,16
pUC,187
pUC,30
pUC,37
pUC,62
pUC,51
pUC,43
pUC,67
pUC,20
pUC,88
pUC,0
pUC,12
pUC,41
pUC,55
pUC,57
pUC,9
pUC,81
pUC,269
pUC,8
pUC,30
pUC,23
pUC,108
pUC,43
pUC,19
pUC,45
pUC,75
pUC,168
pUC,35
pUC,55
pUC,13
pUC,28
pUC,57
pUC,78
pUC,2
pUC,130
pUC,66
pUC,42
pUC,60
pUC,45
pUC,18
pUC,130
pUC,62
pUC,113
pUC,56
pUC,7
pUC,73
pUC,56
pUC,5
pUC,48
pUC,57
pUC,115
pUC,29
pUC,37
pUC,35
pUC,0
pUC,47
pUC,95
pUC,26
pUC,47
pUC,44
pUC,24
pUC,53
pUC,73
pUC,208
pUC,58
pUC,79
pUC,221
pUC,68
pUC,42
pUC,77
pUC,37
pUC,14
pUC,16
pUC,5
pUC,14
pUC,38
pUC,120
pUC,223
pUC,15
pUC,113
pUC,34
pUC,2
pUC,23
pUC,47
pUC,37
pUC,40
pUC,62
pUC,21
pUC,22
pUC,51
pUC,55
pUC,18
pUC,59
pUC,40
pUC,5
pUC,51
pUC,54
pUC,84
pUC,53
pUC,1
pUC,8
pUC,120
pUC,11
pUC,9
pUC,20
pUC,73
pUC,41
pUC,71
pUC,17
pUC,23
pUC,19
pUC,32
pUC,51
pUC,40
pUC,20
pUC,10
pUC,98
pUC,33
pUC,8
pUC,122
pUC,12
pUC,27
pUC,43
pUC,77
pUC,55
pUC,46
pUC,52
pUC,0
pUC,71
pUC,41
pUC,21
pUC,73
pUC,136
pUC,72
pUC,48
pUC,44
pUC,30
pUC,190
pUC,133
pUC,37
pUC,85
pUC,53
pUC,29
pUC,18
pUC,3
pUC,76
pUC,19
pUC,39
pUC,45
pUC,12
pUC,19
pUC,37
pUC,84
pUC,8
pUC,65
pUC,47
pUC,43
pUC,69
pUC,29
pUC,7
pUC,43
pUC,36
pUC,19
pUC,15
pUC,27
pUC,83
pUC,58
pUC,7
pUC,19
pUC,150
pUC,50
pUC,42
pUC,44
pUC,61
pUC,49
pUC,37
pUC,165
pUC,303
pUC,7
pUC,63
pUC,0
pUC,72
pUC,17
pUC,62
pUC,32
pUC,91
pUC,100
pUC,17
pUC,92
pUC,42
pUC,28
pUC,10
pUC,43
pUC,15
pUC,15
pUC,9
pUC,49
pUC,36
pUC,79
pUC,44
pUC,57
pUC,24
pUC,1
pUC,66
pUC,11
pUC,35
pUC,89
pUC,94
pUC,39
pUC,68
pUC,28
pUC,121
pUC,11
pUC,32
pUC,20
pUC,27
pUC,105
pUC,49
pUC,83
pUC,16
pUC,29
pUC,12
pUC,52
pUC,24
pUC,59
pUC,7
pUC,65
pUC,15
pUC,46
pUC,33
pUC,21
pUC,9
pUC,23
pUC,47
pUC,5
pUC,22
pUC,19
pUC,15
pUC,156
pUC,28
pUC,37
pUC,38
pUC,42
pUC,77
pUC,86
pUC,21
pUC,33
pUC,66
pUC,41
pUC,159
pUC,32
pUC,227
pUC,22
pUC,18
pUC,2
pUC,7
pUC,65
pUC,13
pUC,16
pUC,8
pUC,39
pUC,56
pUC,6
pUC,0
pUC,5
pUC,51
pUC,17
pUC,6
pUC,27
pUC,17
pUC,19
pUC,14
pUC,45
pUC,29
pUC,37
pUC,10
pUC,58
pUC,5
pUC,30
pUC,21
pUC,9
pUC,124
pUC,73
pUC,98
pUC,23
pUC,11
pUC,124
pUC,2
pUC,2
pUC,59
pUC,49
pUC,147
pUC,145
pUC,113
pUC,409
pUC,40
pUC,38
pUC,95
pUC,69
pUC,315
pUC,81
pUC,43
pUC,35
pUC,44
pUC,75
pUC,53
pUC,142
pUC,58
pUC,249
pUC,16
pUC,20
pUC,27
pUC,0
pUC,19
pUC,47
pUC,34
pUC,83
pUC,9
pUC,143
pUC,110
pUC,194
pUC,286
pUC,21
pUC,70
pUC,18
pUC,96
pUC,52
pUC,289
pUC,168
pUC,76
pUC,121
pUC,176
pUC,83
pUC,148
pUC,20
pUC,31
pUC,51
pUC,54
pUC,28
pUC,62
pUC,7
pUC,115
pUC,84
pUC,44
pUC,31
pUC,66
pUC,175
pUC,54
pUC,63
pUC,15
pUC,87
pUC,126
pUC,364
pUC,26
pUC,21
pUC,14
pUC,62
pUC,23
pUC,150
pUC,279
pUC,97
pUC,43
pUC,89
pUC,158
pUC,46
pUC,46
pUC,24
pUC,51
pUC,195
pUC,65
pUC,33
pUC,8
pUC,23
pUC,43
pUC,198
pUC,65
pUC,119
pUC,84
pUC,209
pUC,67
pUC,61
pUC,35
pUC,40
pUC,61
pUC,52
pUC,34
pUC,73
pUC,110
pUC,109
pUC,105
pUC,50
pUC,40
pUC,42
pUC,85
pUC,46
pUC,55
pUC,49
pUC,52
pUC,64
pUC,23
pUC,139
pUC,98